Mondo_ID	Label	parent class	source	xref	source	comment	exact synonym	xref synonym		NCIt PT	NCIT PT examples for future (need to go over with clinicians)	NCIt SY	Deanne's NCIT SY	xref synonym	Definition	Definition Xref	NCIT disease	source
ID	LABEL	SC %	>A oboInOwl:source	A oboInOwl:hasDbXref	>A oboInOwl:source	AI rdfs:seeAlso	A oboInOwl:hasExactSynonym	>A oboInOwl:hasDbXref					A oboInOwl:hasExactSynonym SPLIT=|	>A oboInOwl:hasDbXref	A IAO:0000115	>A oboInOwl:hasDbXref SPLIT=|	A oboInOwl:hasDbXref	>A oboInOwl:source
MONDO:0100373	"acute myeloid leukemia, inv(16)(p13.1;q22)"	MONDO:0018874	NCIT:C36373	NCIT:C36373	MONDO:otherHierarchy	https://github.com/monarch-initiative/mondo/issues/3452	"AML, inv(16)(p13.1;q22)"	NCIT:C36373	inv(16)(p13.1;q22)	inv(16)(p13.1;q22)	Acute myeloid leukemia CBFB-MYH11 fusion associated chromosomal rearrangement inv(16)(p13.1;q22)	inv(16)(p13.1;q22.1) || inv(16)(p13.1q22) || inv(16)(p13.1q22.1) || inv(16)(p13;q22) || inv(16)(p13q22)	"AML, inv(16)(p13.1;q22.1)|AML, inv(16)(p13.1q22)|AML, inv(16)(p13.1q22.1)|AML, inv(16)(p13;q22)|AML, inv(16)(p13q22)"	NCIT:C36373	"Any acute myeloid leukemia that has the chromosomal anomaly inv(16)(p13.1;q22). (A chromosomal inversion that involves chromosome 16. It is associated with the development of acute myeloid leukemia CBFB-MYH11, acute myelomonocytic leukemia with abnormal eosinophils, and granulocytic sarcoma.)"	NCIT:C36373|https://orcid.org/0000-0001-9863-851X|https://orcid.org/0000-0002-3302-4610	NCIT:C9018	MONDO:equivalentTo
MONDO:0100374	"acute myeloid leukemia, t(16;16)(p13.1;q22)"	MONDO:0018874	NCIT:C27759	NCIT:C27759	MONDO:otherHierarchy	https://github.com/monarch-initiative/mondo/issues/3452	"AML, t(16;16)(p13.1;q22)"	NCIT:C27759	t(16;16)(p13.1;q22)	t(16;16)(p13.1;q22)	Acute myeloid leukemia CBFB-MYH11 fusion associated chromosomal rearrangement t(16;16)(p13.1;q22)	t(16;16)(p13.1;q22.1) || t(16;16)(p13.1q22) || t(16;16)(p13.1q22.1) || t(16;16)(p13;q22) || t(16;16)(p13q22)	"AML, t(16;16)(p13.1;q22.1)|AML, t(16;16)(p13.1q22)|AML, t(16;16)(p13.1q22.1)|AML, t(16;16)(p13;q22)|AML, t(16;16)(p13q22)"	NCIT:C27759	"Any acute myeloid leukemia that has the chromosomal anomaly t(16;16)(p13.1;q22). (A chromosomal translocation that involves chromosome 16. It is often associated with the development of acute myeloid leukemia CBFB-MYH11, acute myelomonocytic leukemia with abnormal eosinophils, and granulocytic sarcoma.)"	NCIT:C27759|https://orcid.org/0000-0001-9863-851X|https://orcid.org/0000-0002-3302-4610	NCIT:C9019	MONDO:equivalentTo
MONDO:0100375	"acute myeloid leukemia, t(15;17)(q24;q21)"	MONDO:0018874	NCIT:C27758	NCIT:C27758	MONDO:otherHierarchy	https://github.com/monarch-initiative/mondo/issues/3452	"AML, t(15;17)(q24;q21)"	NCIT:C27758	t(15;17)(q24;q21)	t(15;17)(q24;q21)	Acute myeloid leukemia PML-RARA fusion associated chromosomal rearrangement t(15;17)(q24;q21)	t(15;17)(q22;q12) || t(15;17)(q22;q21)	"AML, t(15;17)(q22;q12)|AML, t(15;17)(q22;q21)"	NCIT:C27758	Any acute myeloid leukemia that has the chromosomal anomaly t(15;17)(q24;q21). (A chromosomal translocation associated with creation of a fusion between the PML and RARA genes. It is seen in variants of acute promyelocytic leukemia.)	NCIT:C27758|https://orcid.org/0000-0001-9863-851X|https://orcid.org/0000-0002-3302-4610	NCIT:C36055	MONDO:equivalentTo
MONDO:0100376	"acute myeloid leukemia, t(9;11)(p21.3;q23.3)"	MONDO:0018874	NCIT:C36370	NCIT:C36370	MONDO:otherHierarchy	https://github.com/monarch-initiative/mondo/issues/3452	"AML, t(9;11)(p21.3;q23.3)"	NCIT:C36370	t(9;11)(p21.3;q23.3)	t(9;11)(p21.3;q23.3)	Acute myeloid leukemia MLLT3-MLL fusion associated chromosomal rearrangement t(9;11)(p21.3;q23.3)	t(9;11)(p22;q23)	"AML, t(9;11)(p22;q23)"	NCIT:C36370	Any acute myeloid leukemia that has the chromosomal anomaly t(9;11)(p21.3;q23.3). (A cytogenetic abnormality that refers to the translocation of the short arm (p21.3) of chromosome 9 and the long arm (q23.3) of chromosome 11. It is associated with the development of acute myeloid leukemia with the MLLT3-MLL fusion gene transcript.)	NCIT:C36370|https://orcid.org/0000-0001-9863-851X|https://orcid.org/0000-0002-3302-4610	NCIT:C82403	MONDO:equivalentTo
MONDO:0100377	"acute myeloid leukemia, t(10;11)(p12;q23)"	MONDO:0018874	NCIT:C132102	NCIT:C132102	MONDO:otherHierarchy	https://github.com/monarch-initiative/mondo/issues/3452	"AML, t(10;11)(p12;q23)"	NCIT:C132102	t(10;11)(p12;q23)	t(10;11)(p12;q23)	Acute myeloid leukemia chromosomal rearrangement t(10;11)(p12;q23)			NCIT:C132102	Any acute myeloid leukemia that has the chromosomal anomaly t(10;11)(p12;q23). (A cytogenetic abnormality that refers to the translocation of chromosome 10p12 with chromosome 11q23. It is associated with acute myeloid leukemia in childhood.)	NCIT:C132102|https://orcid.org/0000-0001-9863-851X|https://orcid.org/0000-0002-3302-4610	NCIT:C132101	MONDO:equivalentTo
MONDO:0100378	"acute myeloid leukemia, t(10;11)(p11.2;q23)"	MONDO:0018874	NCIT:C168758	NCIT:C168758	MONDO:otherHierarchy	https://github.com/monarch-initiative/mondo/issues/3452	"AML, t(10;11)(p11.2;q23)"	NCIT:C168758	t(10;11)(p11.2;q23)	t(10;11)(p11.2;q23)	Acute myeloid leukemia KMT2A (MLL)/ABI1 fusion associated chromosomal rearrangement t(10;11)(p11.2;q23)			NCIT:C168758	Any acute myeloid leukemia that has the chromosomal anomaly t(10;11)(p11.2;q23). (A cytogenetic abnormality that refers to the translocation of the short arm (p11.2) of chromosome 10 and the long arm (q23) of chromosome 11. It is associated with KMT2A (MLL)/ABI1 fusions and acute myeloid leukemia.)	NCIT:C168758|https://orcid.org/0000-0001-9863-851X|https://orcid.org/0000-0002-3302-4610		
MONDO:0100379	"acute myeloid leukemia, t(1;11)(q21;q23)"	MONDO:0018874	NCIT:C168759	NCIT:C168759	MONDO:otherHierarchy	https://github.com/monarch-initiative/mondo/issues/3452	"AML, t(1;11)(q21;q23)"	NCIT:C168759	t(1;11)(q21;q23)	t(1;11)(q21;q23)	Acute myeloid leukemia KMT2A (MLL)/MLLT11 (AF1Q) fusion associated chromosomal rearrangement t(1;11)(q21;q23)			NCIT:C168759	"Any acute myeloid leukemia that has the chromosomal anomaly t(1;11)(q21;q23). (A cytogenetic abnormality that refers to the translocation of the long arm (q21) of chromosome 1 and the long arm (q23) of chromosome 11. It is associated with KMT2A (MLL)/MLLT11 (AF1Q) fusions, acute myeloid leukemia and some cases of acute lymphoblastic leukemia.)"	NCIT:C168759|https://orcid.org/0000-0001-9863-851X|https://orcid.org/0000-0002-3302-4610		
MONDO:0100380	"acute myeloid leukemia, t(4;11)(q21;q23)"	MONDO:0018874	NCIT:C36365	NCIT:C36365	MONDO:otherHierarchy	https://github.com/monarch-initiative/mondo/issues/3452	"AML, t(4;11)(q21;q23)"	NCIT:C36365	t(4;11)(q21;q23)	t(4;11)(q21;q23)	Acute myeloid leukemia chromosomal rearrangement t(4;11)(q21;q23)	t(4;11)(q21;q23.3)	"AML, t(4;11)(q21;q23.3)"	NCIT:C36365	Any acute myeloid leukemia that has the chromosomal anomaly t(4;11)(q21;q23). (A chromosomal abnormality consisting of the translocation of 4q21 with 11q23.)	NCIT:C36365|https://orcid.org/0000-0001-9863-851X|https://orcid.org/0000-0002-3302-4610	NCIT:C6924	MONDO:equivalentTo
MONDO:0100381	"acute myeloid leukemia, t(6;11)(q27;q23)"	MONDO:0018874	NCIT:C36610	NCIT:C36610	MONDO:otherHierarchy	https://github.com/monarch-initiative/mondo/issues/3452	"AML, t(6;11)(q27;q23)"	NCIT:C36610	t(6;11)(q27;q23)	t(6;11)(q27;q23)	Acute myeloid leukemia chromosomal rearrangement t(6;11)(q27;q23)	t(6;11)(q27;q23.3)	"AML, t(6;11)(q27;q23.3)"	NCIT:C36610	Any acute myeloid leukemia that has the chromosomal anomaly t(6;11)(q27;q23). (A cytogenetic abnormality that refers to the translocation of the long arm (q27) of chromosome 6 and the long arm (q23) of chromosome 11. It is associated with the development of de novo acute myeloid leukemia.)	NCIT:C36610|https://orcid.org/0000-0001-9863-851X|https://orcid.org/0000-0002-3302-4610	NCIT:C132105	MONDO:equivalentTo
MONDO:0100382	"acute myeloid leukemia, t(6;9)(p23;q34.1)"	MONDO:0018874	NCIT:C36532	NCIT:C36532	MONDO:otherHierarchy	https://github.com/monarch-initiative/mondo/issues/3452	"AML, t(6;9)(p23;q34.1)"	NCIT:C36532	t(6;9)(p23;q34.1)	t(6;9)(p23;q34.1)	Acute myeloid leukemia DEK/NUP214 fusion associated chromosomal rearrangement t(6;9)(p23;q34.1)	t(6;9)(p22.3;q34.1) || t(6;9)(p22;q34) || t(6;9)(p23;q34)	"AML, t(6;9)(p22.3;q34.1)|AML, t(6;9)(p22;q34)|AML, t(6;9)(p23;q34)"	NCIT:C36532	"Any acute myeloid leukemia that has the chromosomal anomaly t(6;9)(p23;q34.1). (A cytogenetic abnormality that refers to the translocation of the short arm (p23) of chromosome 6 and the long arm (q34.1) of chromosome 9. It is associated with DEK/NUP214 fusions, acute myeloid leukemia and myelodysplastic syndromes.)"	NCIT:C36532|https://orcid.org/0000-0001-9863-851X|https://orcid.org/0000-0002-3302-4610	NCIT:C82423	MONDO:equivalentTo
MONDO:0100383	"acute myeloid leukemia, t(11;19)(q23;p13)"	MONDO:0018874	NCIT:C168764	NCIT:C168764	MONDO:otherHierarchy	https://github.com/monarch-initiative/mondo/issues/3452	"AML, t(11;19)(q23;p13)"	NCIT:C168764	t(11;19)(q23;p13)	t(11;19)(q23;p13)	"Acute myeloid leukemia KMT2A (MLL) fusions with MLLT1 (ENL) and ELL, associated chromosomal rearrangement. t(11;19)(q23;p13)"			NCIT:C168764	"Any acute myeloid leukemia that has the chromosomal anomaly t(11;19)(q23;p13). (A cytogenetic abnormality that refers to the translocation of the long arm (q23) of chromosome 11 and the short arm (p13) of chromosome 19. It is associated with KMT2A (MLL) fusions, including those with MLLT1 (ENL) and ELL, and acute myeloid leukemia.)"	NCIT:C168764|https://orcid.org/0000-0001-9863-851X|https://orcid.org/0000-0002-3302-4610		
MONDO:0100384	"acute myeloid leukemia, t(11;19)(q23;p13.1)"	MONDO:0018874	NCIT:C36371	NCIT:C36371	MONDO:otherHierarchy	https://github.com/monarch-initiative/mondo/issues/3452	"AML, t(11;19)(q23;p13.1)"	NCIT:C36371	t(11;19)(q23;p13.1)	t(11;19)(q23;p13.1)	Acute myeloid leukemia MLL translocations and topoisomerase II inhibitor associate d chromosomal rearrangement t(11;19)(q23;p13.1)			NCIT:C36371	Any acute myeloid leukemia that has the chromosomal anomaly t(11;19)(q23;p13.1). (A cytogenetic abnormality that refers to the translocation of the long arm (q23) of chromosome 11 and the short arm (p13.1) of chromosome 19. It is associated with the development of acute myeloid leukemia with variant MLL translocations and topoisomerase II inhibitor-related acute myeloid leukemia.)	NCIT:C36371|https://orcid.org/0000-0001-9863-851X|https://orcid.org/0000-0002-3302-4610	NCIT:C6924	MONDO:equivalentTo
MONDO:0100385	"acute myeloid leukemia, t(11;19)(q23.3;p13.3)"	MONDO:0018874	NCIT:C36372	NCIT:C36372	MONDO:otherHierarchy	https://github.com/monarch-initiative/mondo/issues/3452	"AML, t(11;19)(q23.3;p13.3)"	NCIT:C36372	t(11;19)(q23.3;p13.3)	t(11;19)(q23.3;p13.3)	t(11;19)(q23.3;p13.3)	t(11;19)(q23;p13.3)	"AML, t(11;19)(q23;p13.3)"	NCIT:C36372	Any acute myeloid leukemia that has the chromosomal anomaly t(11;19)(q23.3;p13.3). (A cytogenetic abnormality that refers to the translocation of the long arm (q23.3) of chromosome 11 and the short arm (p13.3) of chromosome 19. It is associated with KMT2A (MLL)/MLLT1 (ENL) fusions and acute myeloid leukemia.)	NCIT:C36372|https://orcid.org/0000-0001-9863-851X|https://orcid.org/0000-0002-3302-4610		
MONDO:0100386	"acute myeloid leukemia, t(v;11q23.3)"	MONDO:0018874	NCIT:C36517	NCIT:C36517	MONDO:otherHierarchy	https://github.com/monarch-initiative/mondo/issues/3452	"AML, t(v;11q23.3)"	NCIT:C36517	t(v;11q23.3)	t(v;11q23.3)	t(v;11q23.3)	11q23.3 Translocation || t(11;v)(q23.3;v) || t(11;v)(q23;v) || t(V;11)(v;q23) || t(V;11)(v;q23.3)	"AML, 11q23.3 Translocation|AML, t(11;v)(q23.3;v)|AML, t(11;v)(q23;v)|AML, t(V;11)(v;q23)|AML, t(V;11)(v;q23.3)"	NCIT:C36517	"Any acute myeloid leukemia that has the chromosomal anomaly t(v;11q23.3). (A chromosomal abnormality consisting of the translocation of genetic material from any one of several chromosomes to the 11q23.3 region, resulting in an MLL gene rearrangement.)"	NCIT:C36517|https://orcid.org/0000-0001-9863-851X|https://orcid.org/0000-0002-3302-4610		
MONDO:0100387	"acute myeloid leukemia, Monosomy 7"	MONDO:0018874	NCIT:C36411	NCIT:C36411	MONDO:otherHierarchy	https://github.com/monarch-initiative/mondo/issues/3452	"AML, Monosomy 7"	NCIT:C36411	Monosomy 7	Monosomy 7	Monosomy 7			NCIT:C36411	Any acute myeloid leukemia that has the chromosomal anomaly Monosomy 7. (A chromosomal abnormality consisting of the absence of one of the copies of chromosome 7 in somatic cells.)	NCIT:C36411|https://orcid.org/0000-0001-9863-851X|https://orcid.org/0000-0002-3302-4610	NCIT:C8460	MONDO:equivalentTo
MONDO:0100388	"acute myeloid leukemia, Monosomy 5"	MONDO:0018874	NCIT:C36523	NCIT:C36523	MONDO:otherHierarchy	https://github.com/monarch-initiative/mondo/issues/3452	"AML, Monosomy 5"	NCIT:C36523	Monosomy 5	Monosomy 5	Monosomy 5			NCIT:C36523	"Any acute myeloid leukemia that has the chromosomal anomaly Monosomy 5. (A cytogenetic aneuploidy abnormality that refers to the presence of one chromosome 5 only. It is associated with the development of refractory anemia with excess blasts, refractory anemia with multilineage dysplasia, and refractory anemia with multilineage dysplasia and ringed sideroblasts.)"	NCIT:C36523|https://orcid.org/0000-0001-9863-851X|https://orcid.org/0000-0002-3302-4610		
MONDO:0100389	"acute myeloid leukemia, Trisomy 8"	MONDO:0018874	NCIT:C36396	NCIT:C36396	MONDO:otherHierarchy	https://github.com/monarch-initiative/mondo/issues/3452	"AML, Trisomy 8"	NCIT:C36396	Trisomy 8	Trisomy 8	Trisomy 8	tri8	"AML, tri8"	NCIT:C36396	Any acute myeloid leukemia that has the chromosomal anomaly Trisomy 8. (A chromosomal abnormality consisting of the presence of a third copy of chromosome 8 in somatic cells.)	NCIT:C36396|https://orcid.org/0000-0001-9863-851X|https://orcid.org/0000-0002-3302-4610	NCIT:C162775	MONDO:equivalentTo
MONDO:0100390	"acute myeloid leukemia, der12p"	MONDO:0018874	NCIT:C173542	NCIT:C173542	MONDO:otherHierarchy	https://github.com/monarch-initiative/mondo/issues/3452	"AML, der12p"	NCIT:C173542	der12p	der12p	der12p	der(12p)	"AML, der(12p)"	NCIT:C173542	Any acute myeloid leukemia that has the chromosomal anomaly der12p. (A cytogenetic abnormality involving the rearrangement of two or more other chromosomes with the short arm of chromosome 12 (12p).)	NCIT:C173542|https://orcid.org/0000-0001-9863-851X|https://orcid.org/0000-0002-3302-4610		
MONDO:0100391	"acute myeloid leukemia, t(2;12)"	MONDO:0018874	NCIT:C173543	NCIT:C173543	MONDO:otherHierarchy	https://github.com/monarch-initiative/mondo/issues/3452	"AML, t(2;12)"	NCIT:C173543	t(2;12)	t(2;12)	t(2;12)			NCIT:C173543	Any acute myeloid leukemia that has the chromosomal anomaly t(2;12). (A cytogenetic abnormality that involves a translocation between chromosomes 2 and 12.)	NCIT:C173543|https://orcid.org/0000-0001-9863-851X|https://orcid.org/0000-0002-3302-4610		
MONDO:0100392	"acute myeloid leukemia, t(11;17)"	MONDO:0018874	NCIT:C175582	NCIT:C175582	MONDO:otherHierarchy	https://github.com/monarch-initiative/mondo/issues/3452	"AML, t(11;17)"	NCIT:C175582	t(11;17)	t(11;17)	t(11;17)			NCIT:C175582	Any acute myeloid leukemia that has the chromosomal anomaly t(11;17). (A cytogenetic abnormality that involves a translocation between chromosomes 11 and 17.)	NCIT:C175582|https://orcid.org/0000-0001-9863-851X|https://orcid.org/0000-0002-3302-4610		
MONDO:0100393	"acute myeloid leukemia, t(8;16)"	MONDO:0018874	NCIT:C175583	NCIT:C175583	MONDO:otherHierarchy	https://github.com/monarch-initiative/mondo/issues/3452	"AML, t(8;16)"	NCIT:C175583	t(8;16)	t(8;16)	t(8;16)			NCIT:C175583	Any acute myeloid leukemia that has the chromosomal anomaly t(8;16). (A cytogenetic abnormality that involves a translocation between chromosomes 8 and 16.)	NCIT:C175583|https://orcid.org/0000-0001-9863-851X|https://orcid.org/0000-0002-3302-4610		
MONDO:0100394	"acute myeloid leukemia, t(1;22)"	MONDO:0018874	NCIT:C175584	NCIT:C175584	MONDO:otherHierarchy	https://github.com/monarch-initiative/mondo/issues/3452	"AML, t(1;22)"	NCIT:C175584	t(1;22)	t(1;22)	t(1;22)			NCIT:C175584	Any acute myeloid leukemia that has the chromosomal anomaly t(1;22). (A cytogenetic abnormality that involves a translocation between chromosomes 1 and 22.)	NCIT:C175584|https://orcid.org/0000-0001-9863-851X|https://orcid.org/0000-0002-3302-4610		
MONDO:0100395	"acute myeloid leukemia, t(5;11)(q35;p15)"	MONDO:0018874	NCIT:C131503	NCIT:C131503	MONDO:otherHierarchy	https://github.com/monarch-initiative/mondo/issues/3452	"AML, t(5;11)(q35;p15)"	NCIT:C131503	t(5;11)(q35;p15)	t(5;11)(q35;p15)	t(5;11)(q35;p15)			NCIT:C131503	Any acute myeloid leukemia that has the chromosomal anomaly t(5;11)(q35;p15). (A cytogenetic abnormality that refers to the translocation of chromosome 11p15 with chromosome 5q35. It results in the formation of NUP98/NSD1 fusion gene. It is associated with the development of acute myeloid leukemia with t(5;11)(q35;p15); NUP98-NSD1.)	NCIT:C131503|https://orcid.org/0000-0001-9863-851X|https://orcid.org/0000-0002-3302-4610	NCIT:C131502	MONDO:equivalentTo
MONDO:0100396	"acute myeloid leukemia, t(7;12)(q36;p13)"	MONDO:0018874	NCIT:C122689	NCIT:C122689	MONDO:otherHierarchy	https://github.com/monarch-initiative/mondo/issues/3452	"AML, t(7;12)(q36;p13)"	NCIT:C122689	t(7;12)(q36;p13)	t(7;12)(q36;p13)	t(7;12)(q36;p13)			NCIT:C122689	Any acute myeloid leukemia that has the chromosomal anomaly t(7;12)(q36;p13). (A chromosomal translocation involving the ETV6 gene on chromosome 12p13 and HLXB9 gene on chromosome 7q36.)	NCIT:C122689|https://orcid.org/0000-0001-9863-851X|https://orcid.org/0000-0002-3302-4610	NCIT:C122690	MONDO:equivalentTo
MONDO:0100397	"acute myeloid leukemia, t(9;22)(q34.1;q11.2)"	MONDO:0018874	NCIT:C13271	NCIT:C13271	MONDO:otherHierarchy	https://github.com/monarch-initiative/mondo/issues/3452	"AML, t(9;22)(q34.1;q11.2)"	NCIT:C13271	t(9;22)(q34.1;q11.2)	t(9;22)(q34.1;q11.2)	t(9;22)(q34.1;q11.2)	t(9;22)(q34;q11)	"AML, t(9;22)(q34;q11)|AML, t(9;22)(q34;q11.2)"	NCIT:C13271	Any acute myeloid leukemia that has the chromosomal anomaly t(9;22)(q34.1;q11.2). (A translocation between chromosomes 9 and 22 that is associated with the Philadelphia chromosome.)	NCIT:C13271|https://orcid.org/0000-0001-9863-851X|https://orcid.org/0000-0002-3302-4610		
MONDO:0100398	"acute myeloid leukemia, inv(3)(q21.3;q26.2)"	MONDO:0018874	NCIT:C36407	NCIT:C36407	MONDO:otherHierarchy	https://github.com/monarch-initiative/mondo/issues/3452	"AML, inv(3)(q21.3;q26.2)"	NCIT:C36407	inv(3)(q21.3;q26.2)	inv(3)(q21.3;q26.2)	inv(3)(q21.3;q26.2)	inv(3)(q21.3q26.2) || inv(3)(q21q26.2)	"AML, inv(3)(q21.3q26.2)|AML, inv(3)(q21q26.2)"	NCIT:C36407	Any acute myeloid leukemia that has the chromosomal anomaly inv(3)(q21.3;q26.2). (A cytogenetic abnormality that refers to a paracentric inversion involving breakpoints on the long (q23.1 and q26.2) of chromosome 3. It is associated with acute myeloid leukemia.)	NCIT:C36407|https://orcid.org/0000-0001-9863-851X|https://orcid.org/0000-0002-3302-4610	NCIT:C122716	MONDO:equivalentTo
MONDO:0100399	"acute myeloid leukemia, t(3;3)(q21.3;q26.2)"	MONDO:0018874	NCIT:C36406	NCIT:C36406	MONDO:otherHierarchy	https://github.com/monarch-initiative/mondo/issues/3452	"AML, t(3;3)(q21.3;q26.2)"	NCIT:C36406	t(3;3)(q21.3;q26.2)	t(3;3)(q21.3;q26.2)	t(3;3)(q21.3;q26.2)	t(3;3)(q21.3q26.2) || t(3;3)(q21;q26.2) || t(3;3)(q26;q21)	"AML, t(3;3)(q21.3q26.2)|AML, t(3;3)(q21;q26.2)|AML, t(3;3)(q26;q21)"	NCIT:C36406	Any acute myeloid leukemia that has the chromosomal anomaly t(3;3)(q21.3;q26.2). (A cytogenetic abnormality that refers to the translocation where both breakpoints are on the long arm (q23.1 and q26.2) of chromosome 3. It is associated with acute myeloid leukemia.)	NCIT:C36406|https://orcid.org/0000-0001-9863-851X|https://orcid.org/0000-0002-3302-4610	NCIT:C122717	MONDO:equivalentTo
MONDO:0100400	"acute myeloid leukemia, t(3;12)(q23;p12.3)"	MONDO:0018874	NCIT:C168766	NCIT:C168766	MONDO:otherHierarchy	https://github.com/monarch-initiative/mondo/issues/3452	"AML, t(3;12)(q23;p12.3)"	NCIT:C168766	t(3;12)(q23;p12.3)	t(3;12)(q23;p12.3)	t(3;12)(q23;p12.3)			NCIT:C168766	"Any acute myeloid leukemia that has the chromosomal anomaly t(3;12)(q23;p12.3). (A cytogenetic abnormality that refers to the translocation of the long arm (q23) of chromosome 3 and the short arm (p12.3) of chromosome 12. It is associated with ETV6/MECOM (EVI1) fusions, myeloproliferative disorders, myelodysplastic syndromes and acute myelogenous leukemia.)"	NCIT:C168766|https://orcid.org/0000-0001-9863-851X|https://orcid.org/0000-0002-3302-4610		
MONDO:0100401	"acute myeloid leukemia, del(5q31-q32)"	MONDO:0018874	NCIT:C168769	NCIT:C168769	MONDO:otherHierarchy	https://github.com/monarch-initiative/mondo/issues/3452	"AML, del(5q31-q32)"	NCIT:C168769	del(5q31-q32)	del(5q31-q32)	del(5q31-q32)	5q31-32 Deletion || del(5)(q31-q32) || del(5)(q31q32) || del(5q31q32)	"AML, 5q31-32 Deletion|AML, del(5)(q31-q32)|AML, del(5)(q31q32)|AML, del(5q31-q32)"	NCIT:C168769	Any acute myeloid leukemia that has the chromosomal anomaly del(5q31-q32). (A cytogenetic abnormality that refers to deletion of chromosome bands 31-32 on the long arm of chromosome 5.)	NCIT:C168769|https://orcid.org/0000-0001-9863-851X|https://orcid.org/0000-0002-3302-4610		
MONDO:0100402	"acute myeloid leukemia, del(13q14-q21)"	MONDO:0018874	NCIT:C168770	NCIT:C168770	MONDO:otherHierarchy	https://github.com/monarch-initiative/mondo/issues/3452	"AML, del(13q14-q21)"	NCIT:C168770	del(13q14-q21)	del(13q14-q21)	del(13q14-q21)	13q14-q21 Deletion || del(13)(q14-q21) || del(13)(q14q21) || del(13q14q21)	"AML, 13q14-q21 Deletion|AML, del(13)(q14-q21)|AML, del(13)(q14q21)|AML, del(13q14-q21)|AML, del(13q)(13q14-21)"	NCIT:C168770	Any acute myeloid leukemia that has the chromosomal anomaly del(13q14-q21). (A cytogenetic abnormality that refers to deletion of chromosome bands 14-21 on the long arm of chromosome 13.)	NCIT:C168770|https://orcid.org/0000-0001-9863-851X|https://orcid.org/0000-0002-3302-4610		
MONDO:0100403	"acute myeloid leukemia, loss of chromosome 17p"	MONDO:0018874	NCIT:C36499	NCIT:C36499	MONDO:otherHierarchy	https://github.com/monarch-initiative/mondo/issues/3452	"AML, loss of chromosome 17p"	NCIT:C36499	loss of chromosome 17p	Loss of Chromosome 17p	Loss of Chromosome 17p	del(17p)	"AML, del(17p)"	NCIT:C36499	Any acute myeloid leukemia that has the chromosomal anomaly loss of chromosome 17p. (A cytogenetic abnormality that refers to the loss of all or part of the short arm of chromosome 17 (17p).)	NCIT:C36499|https://orcid.org/0000-0001-9863-851X|https://orcid.org/0000-0002-3302-4610		
MONDO:0100404	"acute myeloid leukemia, MLL gene rearrangement"	MONDO:0018874	NCIT:C122623	NCIT:C122623	MONDO:otherHierarchy	https://github.com/monarch-initiative/mondo/issues/3452	"AML, MLL gene rearrangement"	NCIT:C122623	MLL gene rearrangement	MLL Gene Rearrangement	MLL Gene Rearrangement	"KMT2A Gene Rearrangement || KMT2A Rearrangement || Lysine (K)-Specific Methyltransferase 2A Gene Rearrangement || Lysine Methyltransferase 2A Gene Rearrangement || MLL Rearrangement || Mixed Lineage Leukemia Gene Rearrangement || Myeloid/Lymphoid Leukemia Gene Rearrangement || Myeloid/Lymphoid or Mixed Lineage Leukemia Gene Rearrangement || Myeloid/Lymphoid or Mixed-Lineage Leukemia (Trithorax Homolog, Drosophila) Gene Rearrangement"	"AML, KMT2A Gene Rearrangement|AML, KMT2A Rearrangement|AML, Lysine (K)-Specific Methyltransferase 2A Gene Rearrangement|AML, Lysine Methyltransferase 2A Gene Rearrangement|AML, MLL Rearrangement|AML, Mixed Lineage Leukemia Gene Rearrangement|AML, Myeloid/Lymphoid Leukemia Gene Rearrangement|AML, Myeloid/Lymphoid or Mixed Lineage Leukemia Gene Rearrangement|AML, Myeloid/Lymphoid or Mixed-Lineage Leukemia (Trithorax Homolog, Drosophila) Gene Rearrangement"	NCIT:C122623	Any acute myeloid leukemia that has the chromosomal anomaly MLL gene rearrangement. (A molecular abnormality indicating rearrangement of the MLL (KMT2A) gene.)	NCIT:C122623|https://orcid.org/0000-0001-9863-851X|https://orcid.org/0000-0002-3302-4610	NCIT:C174129	MONDO:equivalentTo
MONDO:0100405	"acute myeloid leukemia, Non-KMT2A MLLT10 rearrangement positive"	MONDO:0018874	NCIT:C168771	NCIT:C168771	MONDO:otherHierarchy	https://github.com/monarch-initiative/mondo/issues/3452	"AML, Non-KMT2A MLLT10 rearrangement positive"	NCIT:C168771	Non-KMT2A MLLT10 rearrangement positive	Non-KMT2A MLLT10 Rearrangement Positive	Non-KMT2A MLLT10 Rearrangement Positive	Non-KMT2A MLLT10 Rearrangement || Non-MLL MLLT10 Rearrangement || Non-MLL MLLT10 Rearrangement Positive	"AML, Non-KMT2A MLLT10 Rearrangement|AML, Non-MLL MLLT10 Rearrangement|AML, Non-MLL MLLT10 Rearrangement Positive"	NCIT:C168771	Any acute myeloid leukemia that has the chromosomal anomaly Non-KMT2A MLLT10 rearrangement positive. (An indication that a cytogenetic rearrangement involving MLLT10 but not involving KMT2A was detected in a sample.)	NCIT:C168771|https://orcid.org/0000-0001-9863-851X|https://orcid.org/0000-0002-3302-4610		
MONDO:0100406	"acute myeloid leukemia, inv(16)(p13.3;q24.3)"	MONDO:0018874	NCIT:C167195	NCIT:C167195	MONDO:otherHierarchy	https://github.com/monarch-initiative/mondo/issues/3452	"AML, inv(16)(p13.3;q24.3)"	NCIT:C167195	inv(16)(p13.3;q24.3)	inv(16)(p13.3;q24.3)	inv(16)(p13.3;q24.3)	inv(16)(p13.3q24.3) || inv(16)(p13;q24) || inv(16)(p13q24)	"AML, inv(16)(p13.3q24.3)|AML, inv(16)(p13;q24)|AML, inv(16)(p13q24)"	NCIT:C167195	Any acute myeloid leukemia that has the chromosomal anomaly inv(16)(p13.3;q24.3). (A pericentric chromosomal inversion that involves chromosome 16. It is associated with CBFA2T3/GLIS2 fusions and pediatric acute megakaryoblastic leukemia.)	NCIT:C167195|https://orcid.org/0000-0001-9863-851X|https://orcid.org/0000-0002-3302-4610		
MONDO:0100407	"acute myeloid leukemia, t(11;15)(p15;q35)"	MONDO:0018874	NCIT:C131505	NCIT:C131505	MONDO:otherHierarchy	https://github.com/monarch-initiative/mondo/issues/3452	"AML, t(11;15)(p15;q35)"	NCIT:C131505	t(11;15)(p15;q35)	t(11;15)(p15;q35)	t(11;15)(p15;q35)			NCIT:C131505	Any acute myeloid leukemia that has the chromosomal anomaly t(11;15)(p15;q35). (A cytogenetic abnormality that refers to the translocation of chromosome 11p15 with chromosome 15q35. It results in the formation of NUP98/JARID1A fusion gene. It is associated with the development of acute myeloid leukemia with t(11;15)(p15;q35); NUP98-JARID1A.)	NCIT:C131505|https://orcid.org/0000-0001-9863-851X|https://orcid.org/0000-0002-3302-4610	NCIT:C131504	MONDO:equivalentTo
MONDO:0100408	"acute myeloid leukemia, t(16;21)(q24;q22)"	MONDO:0018874	NCIT:C168773	NCIT:C168773	MONDO:otherHierarchy	https://github.com/monarch-initiative/mondo/issues/3452	"AML, t(16;21)(q24;q22)"	NCIT:C168773	t(16;21)(q24;q22)	t(16;21)(q24;q22)	t(16;21)(q24;q22)			NCIT:C168773	"Any acute myeloid leukemia that has the chromosomal anomaly t(16;21)(q24;q22). (A cytogenetic abnormality that refers to the translocation of the long arm (q24) of chromosome 16 and the long arm (q22) of chromosome 22. It is associated with RUNX1/CBFA2T3 fusions, myelodysplastic syndromes and acute myeloid leukemia.)"	NCIT:C168773|https://orcid.org/0000-0001-9863-851X|https://orcid.org/0000-0002-3302-4610		
MONDO:0100409	"acute myeloid leukemia, t(3;5)(q25;q34)"	MONDO:0018874	NCIT:C36415	NCIT:C36415	MONDO:otherHierarchy	https://github.com/monarch-initiative/mondo/issues/3452	"AML, t(3;5)(q25;q34)"	NCIT:C36415	t(3;5)(q25;q34)	t(3;5)(q25;q34)	t(3;5)(q25;q34)			NCIT:C36415	"Any acute myeloid leukemia that has the chromosomal anomaly t(3;5)(q25;q34). (A cytogenetic abnormality that refers to the translocation of the long arm (q25) of chromosome 3 and the long arm (q34) of chromosome 5. It is associated with the development of acute myeloid leukemia arising from myelodysplastic syndrome, acute myeloid leukemia with multilineage dysplasia, and acute myeloid leukemia with myelodysplasia-related changes.)"	NCIT:C36415|https://orcid.org/0000-0001-9863-851X|https://orcid.org/0000-0002-3302-4610	NCIT:C7600	MONDO:equivalentTo
MONDO:0100410	"acute myeloid leukemia, t(16;21)(p11;q22)"	MONDO:0018874	NCIT:C36616	NCIT:C36616	MONDO:otherHierarchy	https://github.com/monarch-initiative/mondo/issues/3452	"AML, t(16;21)(p11;q22)"	NCIT:C36616	t(16;21)(p11;q22)	t(16;21)(p11;q22)	t(16;21)(p11;q22)	t(16;21)(p11.2;q22.2)	"AML, t(16;21)(p11.2;q22.2)"	NCIT:C36616	Any acute myeloid leukemia that has the chromosomal anomaly t(16;21)(p11;q22). (A chromosomal translocation involving the FUS gene on chromosome 16p11 and the ERG gene on chromosome 21q22.)	NCIT:C36616|https://orcid.org/0000-0001-9863-851X|https://orcid.org/0000-0002-3302-4610		
MONDO:0100411	"acute myeloid leukemia, NPM1 gene mutation"	MONDO:0018874	NCIT:C82429	NCIT:C82429	MONDO:otherHierarchy	https://github.com/monarch-initiative/mondo/issues/3452	"AML, NPM1 gene mutation"	NCIT:C82429	NPM1 gene mutation	NPM1 Gene Mutation	NPM1 Gene Mutation	Mutation of the Nucleophosmin Gene || NPM1 Mutation || Nucleophosmin Gene Mutation	"AML, Mutation of the Nucleophosmin Gene|AML, NPM1 Mutation|AML, Nucleophosmin Gene Mutation"	NCIT:C82429	Any acute myeloid leukemia that has the chromosomal anomaly NPM1 gene mutation. (Mutation of the nucleophosmin gene. It is seen in acute myeloid leukemias usually associated with a normal karyotype.)	NCIT:C82429|https://orcid.org/0000-0001-9863-851X|https://orcid.org/0000-0002-3302-4610	NCIT:C82431	MONDO:equivalentTo
MONDO:0100412	"acute myeloid leukemia, monoallelic CEBPA gene mutation"	MONDO:0018874	NCIT:C168774	NCIT:C168774	MONDO:otherHierarchy	https://github.com/monarch-initiative/mondo/issues/3452	"AML, monoallelic CEBPA gene mutation"	NCIT:C168774	monoallelic CEBPA gene mutation	Monoallelic CEBPA Gene Mutation	Monoallelic CEBPA Gene Mutation	"C/EBP-Alpha Monoallelic Gene Mutation || C/EBPalpha Monoallelic Gene Mutation || CCAAT Enhancer Binding Protein Alpha Monoallelic Gene Mutation || CCAAT/Enhancer Binding Protein Alpha Monoallelic Gene Mutation || CCAAT/Enhancer Binding Protein, Alpha Monoallelic Gene Mutation || CEBP Monoallelic Gene Mutation || CEBPA Monoallelic Gene Mutation || CEBPA Monoallelic Mutation || moCEBPA"	"AML, C/EBP-Alpha Monoallelic Gene Mutation|AML, C/EBPalpha Monoallelic Gene Mutation|AML, CCAAT Enhancer Binding Protein Alpha Monoallelic Gene Mutation|AML, CCAAT/Enhancer Binding Protein Alpha Monoallelic Gene Mutation|AML, CCAAT/Enhancer Binding Protein, Alpha Monoallelic Gene Mutation|AML, CEBP Monoallelic Gene Mutation|AML, CEBPA Monoallelic Gene Mutation|AML, CEBPA Monoallelic Mutation|AML, moCEBPA"	NCIT:C168774	Any acute myeloid leukemia that has the chromosomal anomaly monoallelic CEBPA gene mutation. (The presence of mutations in only one allele of the CEBPA gene.)	NCIT:C168774|https://orcid.org/0000-0001-9863-851X|https://orcid.org/0000-0002-3302-4610		
MONDO:0100413	"acute myeloid leukemia, biallelic CEBPA gene mutation"	MONDO:0018874	NCIT:C157569	NCIT:C157569	MONDO:otherHierarchy	https://github.com/monarch-initiative/mondo/issues/3452	"AML, biallelic CEBPA gene mutation"	NCIT:C157569	biallelic CEBPA gene mutation	Biallelic CEBPA Gene Mutation	Biallelic CEBPA Gene Mutation	"C/EBP-Alpha Biallelic Gene Mutation || C/EBPalpha Biallelic Gene Mutation || CCAAT Enhancer Binding Protein Alpha Biallelic Gene Mutation || CCAAT/Enhancer Binding Protein Alpha Biallelic Gene Mutation || CCAAT/Enhancer Binding Protein, Alpha Biallelic Gene Mutation || CEBP Biallelic Gene Mutation || CEBPA Biallelic Gene Mutation || CEBPA Biallelic Mutation || biCEBPA"	"AML, C/EBP-Alpha Biallelic Gene Mutation|AML, C/EBPalpha Biallelic Gene Mutation|AML, CCAAT Enhancer Binding Protein Alpha Biallelic Gene Mutation|AML, CCAAT/Enhancer Binding Protein Alpha Biallelic Gene Mutation|AML, CCAAT/Enhancer Binding Protein, Alpha Biallelic Gene Mutation|AML, CEBP Biallelic Gene Mutation|AML, CEBPA Biallelic Gene Mutation|AML, CEBPA Biallelic Mutation|AML, biCEBPA"	NCIT:C157569	Any acute myeloid leukemia that has the chromosomal anomaly biallelic CEBPA gene mutation. (The presence of mutations in both alleles of the CEBPA gene.)	NCIT:C157569|https://orcid.org/0000-0001-9863-851X|https://orcid.org/0000-0002-3302-4610		
MONDO:0100414	"acute myeloid leukemia, CEBPA gene mutation"	MONDO:0018874	NCIT:C38372	NCIT:C38372	MONDO:otherHierarchy	https://github.com/monarch-initiative/mondo/issues/3452	"AML, CEBPA gene mutation"	NCIT:C38372	CEBPA gene mutation	CEBPA Gene Mutation	CEBPA Gene Mutation	"C/EBP-Alpha Gene Mutation || C/EBPalpha Mutation || CCAAT Enhancer Binding Protein Alpha Gene Mutation || CCAAT/Enhancer Binding Protein, Alpha Gene Mutation || CEBP Gene Mutation || CEBPA Mutation"	"AML, C/EBP-Alpha Gene Mutation|AML, C/EBPalpha Mutation|AML, CCAAT Enhancer Binding Protein Alpha Gene Mutation|AML, CCAAT/Enhancer Binding Protein, Alpha Gene Mutation|AML, CEBP Gene Mutation|AML, CEBPA Mutation"	NCIT:C38372	Any acute myeloid leukemia that has the chromosomal anomaly CEBPA gene mutation. (Mutation of the CEBPA gene encoding CCAAT/enhancer binding protein alpha. It is seen in acute myeloid leukemias usually associated with a normal karyotype.)	NCIT:C38372|https://orcid.org/0000-0001-9863-851X|https://orcid.org/0000-0002-3302-4610	NCIT:C151898	MONDO:equivalentTo
MONDO:0100415	"acute myeloid leukemia, FLT3 internal tandem duplication"	MONDO:0018874	NCIT:C67494	NCIT:C67494	MONDO:otherHierarchy	https://github.com/monarch-initiative/mondo/issues/3452	"AML, FLT3 internal tandem duplication"	NCIT:C67494	FLT3 internal tandem duplication	FLT3 Internal Tandem Duplication	FLT3 Internal Tandem Duplication	Activating FLT3-ITD Gene Mutation || Activating FLT3-ITD Mutation || FLT3 ITD || FLT3-ITD || FLT3-ITD Activating Mutation || FLT3-ITD Mutation || FLT3/ITD Mutation	"AML, Activating FLT3-ITD Gene Mutation|AML, Activating FLT3-ITD Mutation|AML, FLT3 ITD|AML, FLT3-ITD|AML, FLT3-ITD Activating Mutation|AML, FLT3-ITD Mutation|AML, FLT3/ITD Mutation"	NCIT:C67494	Any acute myeloid leukemia that has the chromosomal anomaly FLT3 internal tandem duplication. (A genetic abnormality that arises from duplications of the juxtamembrane portion of the gene and results in constitutive activation of the FLT3 receptor tyrosine kinase protein in early hematopoietic progenitor cells. It is associated with acute myelogenous leukemia where it appears to correlate with a poor prognosis.)	NCIT:C67494|https://orcid.org/0000-0001-9863-851X|https://orcid.org/0000-0002-3302-4610	NCIT:C126748	MONDO:equivalentTo
MONDO:0100416	"acute myeloid leukemia, FLT3 tyrosine kinase domain point mutation"	MONDO:0018874	NCIT:C67495	NCIT:C67495	MONDO:otherHierarchy	https://github.com/monarch-initiative/mondo/issues/3452	"AML, FLT3 tyrosine kinase domain point mutation"	NCIT:C67495	FLT3 tyrosine kinase domain point mutation	FLT3 Tyrosine Kinase Domain Point Mutation	FLT3 Tyrosine Kinase Domain Point Mutation	FLT3-TKD Point Mutation || FLT3/TKD Point Mutation	"AML, FLT3-TKD Point Mutation|AML, FLT3/TKD Point Mutation"	NCIT:C67495	Any acute myeloid leukemia that has the chromosomal anomaly FLT3 tyrosine kinase domain point mutation. (Single nucleotide mutations in the tyrosine kinase domain encoded by the human FLT3 gene that are associated with acute myeloid leukemia and poor prognosis.)	NCIT:C67495|https://orcid.org/0000-0001-9863-851X|https://orcid.org/0000-0002-3302-4610		
MONDO:0100417	"acute myeloid leukemia, WT1 gene mutation"	MONDO:0018874	NCIT:C146726	NCIT:C146726	MONDO:otherHierarchy	https://github.com/monarch-initiative/mondo/issues/3452	"AML, WT1 gene mutation"	NCIT:C146726	WT1 gene mutation	WT1 Gene Mutation	WT1 Gene Mutation	GUD Gene Mutation || WAGR Gene Mutation || WIT-2 Gene Mutation || WT33 Gene Mutation || Wilms Tumor 1 Gene Mutation	"AML, GUD Gene Mutation|AML, WAGR Gene Mutation|AML, WIT-2 Gene Mutation|AML, WT33 Gene Mutation|AML, Wilms Tumor 1 Gene Mutation|AML, WT1 mutation"	NCIT:C146726	Any acute myeloid leukemia that has the chromosomal anomaly WT1 gene mutation. (A change in the nucleotide sequence of the WT1 gene.)	NCIT:C146726|https://orcid.org/0000-0001-9863-851X|https://orcid.org/0000-0002-3302-4610		
MONDO:0100418	"acute myeloid leukemia, KIT exon 17 mutation"	MONDO:0018874	NCIT:C116396	NCIT:C116396	MONDO:otherHierarchy	https://github.com/monarch-initiative/mondo/issues/3452	"AML, KIT exon 17 mutation"	NCIT:C116396	KIT exon 17 mutation	KIT Exon 17 Mutation	KIT Exon 17 Mutation	CD117 Exon 17 Mutation || KIT Proto-Oncogene Tyrosine Protein Kinase Gene Exon 17 Mutation || c-KIT Exon 17 Mutation || v-Kit Hardy-Zuckerman 4 Feline Sarcoma Viral Oncogene Homolog Gene Exon 17 Mutation	"AML, CD117 Exon 17 Mutation|AML, KIT Proto-Oncogene Tyrosine Protein Kinase Gene Exon 17 Mutation|AML, c-KIT Exon 17 Mutation|AML, v-Kit Hardy-Zuckerman 4 Feline Sarcoma Viral Oncogene Homolog Gene Exon 17 Mutation"	NCIT:C116396	Any acute myeloid leukemia that has the chromosomal anomaly KIT exon 17 mutation. (A molecular genetic abnormality indicating the presence of a mutation in exon 17 of the KIT gene located within 4q11-q12.)	NCIT:C116396|https://orcid.org/0000-0001-9863-851X|https://orcid.org/0000-0002-3302-4610		
MONDO:0100419	"acute myeloid leukemia, KIT exon 8 mutation"	MONDO:0018874	NCIT:C128660	NCIT:C128660	MONDO:otherHierarchy	https://github.com/monarch-initiative/mondo/issues/3452	"AML, KIT exon 8 mutation"	NCIT:C128660	KIT exon 8 mutation	KIT Exon 8 Mutation	KIT Exon 8 Mutation	CD117 Exon 8 Mutation || KIT Proto-Oncogene Tyrosine Protein Kinase Gene Exon 8 Mutation || c-KIT Exon 8 Mutation || v-Kit Hardy-Zuckerman 4 Feline Sarcoma Viral Oncogene Homolog Gene Exon 8 Mutation	"AML, CD117 Exon 8 Mutation|AML, KIT Proto-Oncogene Tyrosine Protein Kinase Gene Exon 8 Mutation|AML, c-KIT Exon 8 Mutation|AML, v-Kit Hardy-Zuckerman 4 Feline Sarcoma Viral Oncogene Homolog Gene Exon 8 Mutation"	NCIT:C128660	Any acute myeloid leukemia that has the chromosomal anomaly KIT exon 8 mutation. (A molecular genetic abnormality indicating the presence of a mutation in exon 8 of the KIT gene located within 4q11-q12.)	NCIT:C128660|https://orcid.org/0000-0001-9863-851X|https://orcid.org/0000-0002-3302-4610		
MONDO:0100420	"acute myeloid leukemia, KIT gene mutation"	MONDO:0018874	NCIT:C39712	NCIT:C39712	MONDO:otherHierarchy	https://github.com/monarch-initiative/mondo/issues/3452	"AML, KIT gene mutation"	NCIT:C39712	KIT gene mutation	KIT Gene Mutation	KIT Gene Mutation	C-KIT Mutation || CD117 Gene Mutation || CD117 Mutation || KIT Proto-Oncogene Tyrosine Protein Kinase Gene Mutation || V-Kit Hardy-Zuckerman 4 Feline Sarcoma Viral Oncogene Homolog Gene Mutation || c-KIT Gene Mutation	"AML, C-KIT Mutation|AML, CD117 Gene Mutation|AML, CD117 Mutation|AML, KIT Proto-Oncogene Tyrosine Protein Kinase Gene Mutation|AML, V-Kit Hardy-Zuckerman 4 Feline Sarcoma Viral Oncogene Homolog Gene Mutation|AML, c-KIT Gene Mutation"	NCIT:C39712	"Any acute myeloid leukemia that has the chromosomal anomaly KIT gene mutation. (A molecular genetic abnormality that refers to mutation of the c-kit (CD117) proto-oncogene. It is associated with the development of gastrointestinal stromal tumor and gastrointestinal autonomic nerve tumor. It has also been described in acute myeloid leukemias, dysgerminomas, and seminomas.)"	NCIT:C39712|https://orcid.org/0000-0001-9863-851X|https://orcid.org/0000-0002-3302-4610		
MONDO:0100421	"acute myeloid leukemia, GATA1 gene mutation"	MONDO:0018874	NCIT:C82340	NCIT:C82340	MONDO:otherHierarchy	https://github.com/monarch-initiative/mondo/issues/3452	"AML, GATA1 gene mutation"	NCIT:C82340	GATA1 gene mutation	GATA1 Gene Mutation	GATA1 Gene Mutation	ERYF1 Gene Mutation || GATA Binding Protein 1 Gene Mutation || GATA-1 Gene Mutation || GATA1 Mutation || GF-1 Gene Mutation || GF1 Gene Mutation || NF-E1 Gene Mutation || NFE1 Gene Mutation	"AML, ERYF1 Gene Mutation|AML, GATA Binding Protein 1 Gene Mutation|AML, GATA-1 Gene Mutation|AML, GATA1 Mutation|AML, GF-1 Gene Mutation|AML, GF1 Gene Mutation|AML, NF-E1 Gene Mutation|AML, NFE1 Gene Mutation"	NCIT:C82340	Any acute myeloid leukemia that has the chromosomal anomaly GATA1 gene mutation. (A change in the nucleotide sequence of the GATA1 gene.)	NCIT:C82340|https://orcid.org/0000-0001-9863-851X|https://orcid.org/0000-0002-3302-4610		
MONDO:0100422	"acute myeloid leukemia, RUNX1 gene mutation"	MONDO:0018874	NCIT:C38362	NCIT:C38362	MONDO:otherHierarchy	https://github.com/monarch-initiative/mondo/issues/3452	"AML, RUNX1 gene mutation"	NCIT:C38362	RUNX1 gene mutation	RUNX1 Gene Mutation	RUNX1 Gene Mutation	AML1 Gene Mutation || AML1 Mutation || AMLCR1 Gene Mutation || Acute Myeloid Leukemia 1 Gene Mutation || CBFA2 Gene Mutation || CBFalpha2 Mutation || Runt-Related Transcription Factor 1 Gene Mutation	"AML, AML1 Gene Mutation|AML, AML1 Mutation|AML, AMLCR1 Gene Mutation|AML, Acute Myeloid Leukemia 1 Gene Mutation|AML, CBFA2 Gene Mutation|AML, CBFalpha2 Mutation|AML, Runt-Related Transcription Factor 1 Gene Mutation"	NCIT:C38362	Any acute myeloid leukemia that has the chromosomal anomaly RUNX1 gene mutation. (A change in the nucleotide sequence of the RUNX1 gene.)	NCIT:C38362|https://orcid.org/0000-0001-9863-851X|https://orcid.org/0000-0002-3302-4610	NCIT:C129786	MONDO:equivalentTo
MONDO:0100423	"acute myeloid leukemia, PTPN11 gene mutation"	MONDO:0018874	NCIT:C82612	NCIT:C82612	MONDO:otherHierarchy	https://github.com/monarch-initiative/mondo/issues/3452	"AML, PTPN11 gene mutation"	NCIT:C82612	PTPN11 gene mutation	PTPN11 Gene Mutation	PTPN11 Gene Mutation	"BPTP3 Gene Mutation || PTP-1D Gene Mutation || PTP2C Gene Mutation || Protein Tyrosine Phosphatase Non-Receptor Type 11 Gene Mutation || Protein Tyrosine Phosphatase, Non-Receptor Type 11 Gene Mutation || SH-PTP2 Gene Mutation || SHP-2 Gene Mutation || SHP2 Gene Mutation"	"AML, BPTP3 Gene Mutation|AML, PTP-1D Gene Mutation|AML, PTP2C Gene Mutation|AML, Protein Tyrosine Phosphatase Non-Receptor Type 11 Gene Mutation|AML, Protein Tyrosine Phosphatase, Non-Receptor Type 11 Gene Mutation|AML, SH-PTP2 Gene Mutation|AML, SHP-2 Gene Mutation|AML, SHP2 Gene Mutation"	NCIT:C82612	"Any acute myeloid leukemia that has the chromosomal anomaly PTPN11 gene mutation. (Mutation of the protein tyrosine phosphatase, non-receptor type 11 gene. It is seen in cases of juvenile myelomonocytic leukemia.)"	NCIT:C82612|https://orcid.org/0000-0001-9863-851X|https://orcid.org/0000-0002-3302-4610		
MONDO:0100424	"acute myeloid leukemia, NRAS gene mutation"	MONDO:0018874	NCIT:C41381	NCIT:C41381	MONDO:otherHierarchy	https://github.com/monarch-initiative/mondo/issues/3452	"AML, NRAS gene mutation"	NCIT:C41381	NRAS gene mutation	NRAS Gene Mutation	NRAS Gene Mutation	N-RAS Gene Mutation || Neuroblastoma RAS Viral Oncogene Homolog Gene Mutation	"AML, N-RAS Gene Mutation|AML, Neuroblastoma RAS Viral Oncogene Homolog Gene Mutation"	NCIT:C41381	Any acute myeloid leukemia that has the chromosomal anomaly NRAS gene mutation. (A change in the structure of the NRAS gene.)	NCIT:C41381|https://orcid.org/0000-0001-9863-851X|https://orcid.org/0000-0002-3302-4610		
MONDO:0100425	"acute myeloid leukemia, KRAS gene mutation"	MONDO:0018874	NCIT:C41361	NCIT:C41361	MONDO:otherHierarchy	https://github.com/monarch-initiative/mondo/issues/3452	"AML, KRAS gene mutation"	NCIT:C41361	KRAS gene mutation	KRAS Gene Mutation	KRAS Gene Mutation	KRAS Gene Mutation || KRAS-2 Gene Mutation || KRAS2 Gene Mutation || c-K-ras Gene Mutation || v-Ki-ras2 Kirsten Rat Sarcoma Viral Oncogene Homolog Gene Mutation	"AML, KRAS Gene Mutation|AML, KRAS-2 Gene Mutation|AML, KRAS2 Gene Mutation|AML, c-K-ras Gene Mutation|AML, v-Ki-ras2 Kirsten Rat Sarcoma Viral Oncogene Homolog Gene Mutation"	NCIT:C41361	Any acute myeloid leukemia that has the chromosomal anomaly KRAS gene mutation. (A change in the nucleotide sequence of the KRAS gene.)	NCIT:C41361|https://orcid.org/0000-0001-9863-851X|https://orcid.org/0000-0002-3302-4610		