?cls	?term_label	?parent	?parent_label	?x
<http://purl.obolibrary.org/obo/MONDO_0100283>	"overgrowth syndrome and/or cerebral malformations due to abnormalities in MTOR pathway genes"	<http://purl.obolibrary.org/obo/MONDO_0019716>	"overgrowth syndrome"	
<http://purl.obolibrary.org/obo/MONDO_0009480>	"Joubert syndrome with oculorenal defect"	<http://purl.obolibrary.org/obo/MONDO_0018772>	"Joubert syndrome"	
<http://purl.obolibrary.org/obo/MONDO_0016364>	"Joubert syndrome with ocular defect"	<http://purl.obolibrary.org/obo/MONDO_0018772>	"Joubert syndrome"	
<http://purl.obolibrary.org/obo/MONDO_0007967>	"melanoma and neural system tumor syndrome"	<http://purl.obolibrary.org/obo/MONDO_0005105>	"melanoma"	
<http://purl.obolibrary.org/obo/MONDO_0019341>	"tuberous sclerosis complex"	<http://purl.obolibrary.org/obo/MONDO_0001734>	"tuberous sclerosis"	
<http://purl.obolibrary.org/obo/MONDO_0019200>	"retinitis pigmentosa"	<http://purl.obolibrary.org/obo/MONDO_0002708>	"retinitis"	
<http://purl.obolibrary.org/obo/MONDO_0012363>	"retinitis pigmentosa 32"	<http://purl.obolibrary.org/obo/MONDO_0002708>	"retinitis"	
<http://purl.obolibrary.org/obo/MONDO_0012813>	"retinitis pigmentosa 29"	<http://purl.obolibrary.org/obo/MONDO_0002708>	"retinitis"	
<http://purl.obolibrary.org/obo/MONDO_0013414>	"retinitis pigmentosa 44"	<http://purl.obolibrary.org/obo/MONDO_0002708>	"retinitis"	
<http://purl.obolibrary.org/obo/MONDO_0012625>	"retinitis pigmentosa 37"	<http://purl.obolibrary.org/obo/MONDO_0002708>	"retinitis"	
<http://purl.obolibrary.org/obo/MONDO_0013274>	"retinitis pigmentosa 51"	<http://purl.obolibrary.org/obo/MONDO_0002708>	"retinitis"	
<http://purl.obolibrary.org/obo/MONDO_0014093>	"retinitis pigmentosa 66"	<http://purl.obolibrary.org/obo/MONDO_0002708>	"retinitis"	
<http://purl.obolibrary.org/obo/MONDO_0010723>	"retinitis pigmentosa 2"	<http://purl.obolibrary.org/obo/MONDO_0002708>	"retinitis"	
<http://purl.obolibrary.org/obo/MONDO_0013407>	"retinitis pigmentosa 47"	<http://purl.obolibrary.org/obo/MONDO_0002708>	"retinitis"	
<http://purl.obolibrary.org/obo/MONDO_0011974>	"retinitis pigmentosa 7"	<http://purl.obolibrary.org/obo/MONDO_0002708>	"retinitis"	
<http://purl.obolibrary.org/obo/MONDO_0013263>	"retinitis pigmentosa 54"	<http://purl.obolibrary.org/obo/MONDO_0002708>	"retinitis"	
<http://purl.obolibrary.org/obo/MONDO_0012367>	"retinitis pigmentosa 31"	<http://purl.obolibrary.org/obo/MONDO_0002708>	"retinitis"	
<http://purl.obolibrary.org/obo/MONDO_0014345>	"retinitis pigmentosa 69"	<http://purl.obolibrary.org/obo/MONDO_0002708>	"retinitis"	
<http://purl.obolibrary.org/obo/MONDO_0014400>	"retinitis pigmentosa 70"	<http://purl.obolibrary.org/obo/MONDO_0002708>	"retinitis"	
<http://purl.obolibrary.org/obo/MONDO_0014653>	"retinitis pigmentosa 72"	<http://purl.obolibrary.org/obo/MONDO_0002708>	"retinitis"	
<http://purl.obolibrary.org/obo/MONDO_0010818>	"retinitis pigmentosa 12"	<http://purl.obolibrary.org/obo/MONDO_0002708>	"retinitis"	
<http://purl.obolibrary.org/obo/MONDO_0013611>	"retinitis pigmentosa 62"	<http://purl.obolibrary.org/obo/MONDO_0002708>	"retinitis"	
<http://purl.obolibrary.org/obo/MONDO_0032873>	"retinitis pigmentosa 87 with choroidal involvement"	<http://purl.obolibrary.org/obo/MONDO_0002708>	"retinitis"	
<http://purl.obolibrary.org/obo/MONDO_0011935>	"retinitis pigmentosa 30"	<http://purl.obolibrary.org/obo/MONDO_0002708>	"retinitis"	
<http://purl.obolibrary.org/obo/MONDO_0012024>	"retinitis pigmentosa 26"	<http://purl.obolibrary.org/obo/MONDO_0002708>	"retinitis"	
<http://purl.obolibrary.org/obo/MONDO_0013468>	"retinitis pigmentosa 59"	<http://purl.obolibrary.org/obo/MONDO_0002708>	"retinitis"	
<http://purl.obolibrary.org/obo/MONDO_0012523>	"retinitis pigmentosa 36"	<http://purl.obolibrary.org/obo/MONDO_0002708>	"retinitis"	
<http://purl.obolibrary.org/obo/MONDO_0054708>	"retinitis pigmentosa 80"	<http://purl.obolibrary.org/obo/MONDO_0002708>	"retinitis"	
<http://purl.obolibrary.org/obo/MONDO_0014929>	"retinitis pigmentosa 76"	<http://purl.obolibrary.org/obo/MONDO_0002708>	"retinitis"	
<http://purl.obolibrary.org/obo/MONDO_0013315>	"retinitis pigmentosa 57"	<http://purl.obolibrary.org/obo/MONDO_0002708>	"retinitis"	
<http://purl.obolibrary.org/obo/MONDO_0032834>	"retinitis pigmentosa 86"	<http://purl.obolibrary.org/obo/MONDO_0002708>	"retinitis"	
<http://purl.obolibrary.org/obo/MONDO_0012463>	"retinitis pigmentosa 35"	<http://purl.obolibrary.org/obo/MONDO_0002708>	"retinitis"	
<http://purl.obolibrary.org/obo/MONDO_0011272>	"retinitis pigmentosa 25"	<http://purl.obolibrary.org/obo/MONDO_0002708>	"retinitis"	
<http://purl.obolibrary.org/obo/MONDO_0013175>	"retinitis pigmentosa 50"	<http://purl.obolibrary.org/obo/MONDO_0002708>	"retinitis"	
<http://purl.obolibrary.org/obo/MONDO_0014323>	"retinitis pigmentosa 68"	<http://purl.obolibrary.org/obo/MONDO_0002708>	"retinitis"	
<http://purl.obolibrary.org/obo/MONDO_0044320>	"retinitis pigmentosa 79"	<http://purl.obolibrary.org/obo/MONDO_0002708>	"retinitis"	
<http://purl.obolibrary.org/obo/MONDO_0032940>	"retinitis pigmentosa 88"	<http://purl.obolibrary.org/obo/MONDO_0002708>	"retinitis"	
<http://purl.obolibrary.org/obo/MONDO_0014186>	"retinitis pigmentosa with or without situs inversus"	<http://purl.obolibrary.org/obo/MONDO_0002708>	"retinitis"	
<http://purl.obolibrary.org/obo/MONDO_0010320>	"retinitis pigmentosa 23"	<http://purl.obolibrary.org/obo/MONDO_0002708>	"retinitis"	
<http://purl.obolibrary.org/obo/MONDO_0044314>	"retinitis pigmentosa 78"	<http://purl.obolibrary.org/obo/MONDO_0002708>	"retinitis"	
<http://purl.obolibrary.org/obo/MONDO_0013437>	"retinitis pigmentosa 43"	<http://purl.obolibrary.org/obo/MONDO_0002708>	"retinitis"	
<http://purl.obolibrary.org/obo/MONDO_0011137>	"retinitis pigmentosa 19"	<http://purl.obolibrary.org/obo/MONDO_0002708>	"retinitis"	
<http://purl.obolibrary.org/obo/MONDO_0010227>	"retinitis pigmentosa 3"	<http://purl.obolibrary.org/obo/MONDO_0002708>	"retinitis"	
<http://purl.obolibrary.org/obo/MONDO_0010828>	"retinitis pigmentosa 11"	<http://purl.obolibrary.org/obo/MONDO_0002708>	"retinitis"	
<http://purl.obolibrary.org/obo/MONDO_0014618>	"retinitis pigmentosa 71"	<http://purl.obolibrary.org/obo/MONDO_0002708>	"retinitis"	
<http://purl.obolibrary.org/obo/MONDO_0013395>	"retinitis pigmentosa 4"	<http://purl.obolibrary.org/obo/MONDO_0002708>	"retinitis"	
<http://purl.obolibrary.org/obo/MONDO_0012943>	"retinitis pigmentosa 46"	<http://purl.obolibrary.org/obo/MONDO_0002708>	"retinitis"	
<http://purl.obolibrary.org/obo/MONDO_0011075>	"retinitis pigmentosa 18"	<http://purl.obolibrary.org/obo/MONDO_0002708>	"retinitis"	
<http://purl.obolibrary.org/obo/MONDO_0013312>	"retinitis pigmentosa 55"	<http://purl.obolibrary.org/obo/MONDO_0002708>	"retinitis"	
<http://purl.obolibrary.org/obo/MONDO_0013610>	"retinitis pigmentosa 61"	<http://purl.obolibrary.org/obo/MONDO_0002708>	"retinitis"	
<http://purl.obolibrary.org/obo/MONDO_0008378>	"retinitis pigmentosa 9"	<http://purl.obolibrary.org/obo/MONDO_0002708>	"retinitis"	
<http://purl.obolibrary.org/obo/MONDO_0013469>	"retinitis pigmentosa 38"	<http://purl.obolibrary.org/obo/MONDO_0002708>	"retinitis"	
<http://purl.obolibrary.org/obo/MONDO_0013328>	"retinitis pigmentosa 58"	<http://purl.obolibrary.org/obo/MONDO_0002708>	"retinitis"	
<http://purl.obolibrary.org/obo/MONDO_0000910>	"retinitis pigmentosa 6"	<http://purl.obolibrary.org/obo/MONDO_0002708>	"retinitis"	
<http://purl.obolibrary.org/obo/MONDO_0010259>	"retinitis pigmentosa 24"	<http://purl.obolibrary.org/obo/MONDO_0002708>	"retinitis"	
<http://purl.obolibrary.org/obo/MONDO_0014687>	"retinitis pigmentosa 73"	<http://purl.obolibrary.org/obo/MONDO_0002708>	"retinitis"	
<http://purl.obolibrary.org/obo/MONDO_0010806>	"retinitis pigmentosa 13"	<http://purl.obolibrary.org/obo/MONDO_0002708>	"retinitis"	
<http://purl.obolibrary.org/obo/MONDO_0010761>	"retinitis pigmentosa Y-linked"	<http://purl.obolibrary.org/obo/MONDO_0002708>	"retinitis"	
<http://purl.obolibrary.org/obo/MONDO_0014871>	"retinitis pigmentosa 75"	<http://purl.obolibrary.org/obo/MONDO_0002708>	"retinitis"	
<http://purl.obolibrary.org/obo/MONDO_0013413>	"retinitis pigmentosa 45"	<http://purl.obolibrary.org/obo/MONDO_0002708>	"retinitis"	
<http://purl.obolibrary.org/obo/MONDO_0011259>	"retinitis pigmentosa 22"	<http://purl.obolibrary.org/obo/MONDO_0002708>	"retinitis"	
<http://purl.obolibrary.org/obo/MONDO_0014495>	"retinitis pigmentosa-juvenile cataract-short stature-intellectual disability syndrome"	<http://purl.obolibrary.org/obo/MONDO_0002708>	"retinitis"	
<http://purl.obolibrary.org/obo/MONDO_0010775>	"retinitis pigmentosa-deafness syndrome"	<http://purl.obolibrary.org/obo/MONDO_0002708>	"retinitis"	
<http://purl.obolibrary.org/obo/MONDO_0044634>	"retinitis pigmentosa-hearing loss-premature aging-short stature-facial dysmorphism syndrome"	<http://purl.obolibrary.org/obo/MONDO_0002708>	"retinitis"	
<http://purl.obolibrary.org/obo/MONDO_0009983>	"retinitis pigmentosa-intellectual disability-deafness-hypogenitalism syndrome"	<http://purl.obolibrary.org/obo/MONDO_0002708>	"retinitis"	
<http://purl.obolibrary.org/obo/MONDO_0010945>	"retinitis pigmentosa 17"	<http://purl.obolibrary.org/obo/MONDO_0002708>	"retinitis"	
<http://purl.obolibrary.org/obo/MONDO_0011630>	"retinitis pigmentosa 28"	<http://purl.obolibrary.org/obo/MONDO_0002708>	"retinitis"	
<http://purl.obolibrary.org/obo/MONDO_0014256>	"retinitis pigmentosa 67"	<http://purl.obolibrary.org/obo/MONDO_0002708>	"retinitis"	
<http://purl.obolibrary.org/obo/MONDO_0012796>	"retinitis pigmentosa 41"	<http://purl.obolibrary.org/obo/MONDO_0002708>	"retinitis"	
<http://purl.obolibrary.org/obo/MONDO_0013780>	"retinitis pigmentosa 63"	<http://purl.obolibrary.org/obo/MONDO_0002708>	"retinitis"	
<http://purl.obolibrary.org/obo/MONDO_0013402>	"retinitis pigmentosa 27"	<http://purl.obolibrary.org/obo/MONDO_0002708>	"retinitis"	
<http://purl.obolibrary.org/obo/MONDO_0033563>	"retinitis pigmentosa 90"	<http://purl.obolibrary.org/obo/MONDO_0002708>	"retinitis"	
<http://purl.obolibrary.org/obo/MONDO_0010827>	"retinitis pigmentosa 14"	<http://purl.obolibrary.org/obo/MONDO_0002708>	"retinitis"	
<http://purl.obolibrary.org/obo/MONDO_0013447>	"retinitis pigmentosa 48"	<http://purl.obolibrary.org/obo/MONDO_0002708>	"retinitis"	
<http://purl.obolibrary.org/obo/MONDO_0015013>	"retinitis pigmentosa 77"	<http://purl.obolibrary.org/obo/MONDO_0002708>	"retinitis"	
<http://purl.obolibrary.org/obo/MONDO_0012477>	"retinitis pigmentosa 33"	<http://purl.obolibrary.org/obo/MONDO_0002708>	"retinitis"	
<http://purl.obolibrary.org/obo/MONDO_0032577>	"retinitis pigmentosa 83"	<http://purl.obolibrary.org/obo/MONDO_0002708>	"retinitis"	
<http://purl.obolibrary.org/obo/MONDO_0032689>	"retinitis pigmentosa 85"	<http://purl.obolibrary.org/obo/MONDO_0002708>	"retinitis"	
<http://purl.obolibrary.org/obo/MONDO_0013052>	"retinitis pigmentosa 42"	<http://purl.obolibrary.org/obo/MONDO_0002708>	"retinitis"	
<http://purl.obolibrary.org/obo/MONDO_0014692>	"retinitis pigmentosa 74"	<http://purl.obolibrary.org/obo/MONDO_0002708>	"retinitis"	
<http://purl.obolibrary.org/obo/MONDO_0013436>	"retinitis pigmentosa 39"	<http://purl.obolibrary.org/obo/MONDO_0002708>	"retinitis"	
<http://purl.obolibrary.org/obo/MONDO_0036482>	"retinitis pigmentosa 81"	<http://purl.obolibrary.org/obo/MONDO_0002708>	"retinitis"	
<http://purl.obolibrary.org/obo/MONDO_0032604>	"retinitis pigmentosa 84"	<http://purl.obolibrary.org/obo/MONDO_0002708>	"retinitis"	
<http://purl.obolibrary.org/obo/MONDO_0013516>	"retinitis pigmentosa 60"	<http://purl.obolibrary.org/obo/MONDO_0002708>	"retinitis"	
<http://purl.obolibrary.org/obo/MONDO_0013405>	"retinitis pigmentosa 49"	<http://purl.obolibrary.org/obo/MONDO_0002708>	"retinitis"	
<http://purl.obolibrary.org/obo/MONDO_0013429>	"retinitis pigmentosa 40"	<http://purl.obolibrary.org/obo/MONDO_0002708>	"retinitis"	
<http://purl.obolibrary.org/obo/MONDO_0013425>	"retinitis pigmentosa 20"	<http://purl.obolibrary.org/obo/MONDO_0002708>	"retinitis"	
<http://purl.obolibrary.org/obo/MONDO_0008379>	"retinitis pigmentosa 10"	<http://purl.obolibrary.org/obo/MONDO_0002708>	"retinitis"	
<http://purl.obolibrary.org/obo/MONDO_0008377>	"retinitis pigmentosa 1"	<http://purl.obolibrary.org/obo/MONDO_0002708>	"retinitis"	
<http://purl.obolibrary.org/obo/MONDO_0013314>	"retinitis pigmentosa 56"	<http://purl.obolibrary.org/obo/MONDO_0002708>	"retinitis"	
<http://purl.obolibrary.org/obo/MONDO_0010374>	"retinitis pigmentosa 34"	<http://purl.obolibrary.org/obo/MONDO_0002708>	"retinitis"	
<http://purl.obolibrary.org/obo/MONDO_0007918>	"microcephaly with or without chorioretinopathy, lymphedema, or intellectual disability"	<http://purl.obolibrary.org/obo/MONDO_0001149>	"microcephaly"	
<http://purl.obolibrary.org/obo/MONDO_0007353>	"coloboma of macula-brachydactyly type B syndrome"	<http://purl.obolibrary.org/obo/MONDO_0001476>	"coloboma"	
<http://purl.obolibrary.org/obo/MONDO_0018877>	"retinitis punctata albescens"	<http://purl.obolibrary.org/obo/MONDO_0002708>	"retinitis"	
<http://purl.obolibrary.org/obo/MONDO_0023868>	"melanoma associated retinopathy"	<http://purl.obolibrary.org/obo/MONDO_0005105>	"melanoma"	
<http://purl.obolibrary.org/obo/MONDO_0003740>	"AIDS phobia"	<http://purl.obolibrary.org/obo/MONDO_0012268>	"AIDS"	
<http://purl.obolibrary.org/obo/MONDO_0042499>	"benign familial neonatal-infantile seizures 1"	<http://purl.obolibrary.org/obo/MONDO_0011140>	"benign familial neonatal-infantile seizures"	
<http://purl.obolibrary.org/obo/MONDO_0043135>	"microcephaly microphthalmos blindness"	<http://purl.obolibrary.org/obo/MONDO_0001149>	"microcephaly"	
<http://purl.obolibrary.org/obo/MONDO_0010099>	"Tay-Sachs disease AB variant"	<http://purl.obolibrary.org/obo/MONDO_0010100>	"Tay-Sachs disease"	
<http://purl.obolibrary.org/obo/MONDO_0100265>	"peroxisome biogenesis disorder due to PEX5 defect in the PEX7-binding domain"	<http://purl.obolibrary.org/obo/MONDO_0100262>	"peroxisome biogenesis disorder due to PEX5 defect"	
<http://purl.obolibrary.org/obo/MONDO_0014248>	"autism spectrum disorder - epilepsy - arthrogryposis syndrome"	<http://purl.obolibrary.org/obo/MONDO_0005258>	"autism spectrum disorder"	
<http://purl.obolibrary.org/obo/MONDO_0014248>	"autism spectrum disorder - epilepsy - arthrogryposis syndrome"	<http://purl.obolibrary.org/obo/MONDO_0005260>	"autism"	
<http://purl.obolibrary.org/obo/MONDO_0014023>	"congenital muscular dystrophy with intellectual disability and severe epilepsy"	<http://purl.obolibrary.org/obo/MONDO_0018278>	"congenital muscular dystrophy with intellectual disability"	
<http://purl.obolibrary.org/obo/MONDO_0100307>	"adult Refsum disease due to PEX7 defect"	<http://purl.obolibrary.org/obo/MONDO_0009958>	"adult Refsum disease"	
<http://purl.obolibrary.org/obo/MONDO_0016994>	"microcephalic osteodysplastic primordial dwarfism types I and III"	<http://purl.obolibrary.org/obo/MONDO_0000060>	"microcephalic osteodysplastic primordial dwarfism"	
<http://purl.obolibrary.org/obo/MONDO_0009679>	"arthrogryposis due to muscular dystrophy"	<http://purl.obolibrary.org/obo/MONDO_0008779>	"arthrogryposis"	
<http://purl.obolibrary.org/obo/MONDO_0018431>	"cold-induced sweating syndrome - hyperthermia spectrum"	<http://purl.obolibrary.org/obo/MONDO_0015526>	"cold-induced sweating syndrome"	
<http://purl.obolibrary.org/obo/MONDO_0016136>	"cerebellar ataxia with peripheral neuropathy"	<http://purl.obolibrary.org/obo/MONDO_0000437>	"cerebellar ataxia"	
<http://purl.obolibrary.org/obo/MONDO_0018450>	"spinal muscular atrophy with respiratory distress type 2"	<http://purl.obolibrary.org/obo/MONDO_0001516>	"spinal muscular atrophy"	
<http://purl.obolibrary.org/obo/MONDO_0010638>	"keratosis follicularis-dwarfism-cerebral atrophy syndrome"	<http://purl.obolibrary.org/obo/MONDO_0006566>	"keratosis"	
<http://purl.obolibrary.org/obo/MONDO_0010477>	"blepharophimosis - intellectual disability syndrome, MKB type"	<http://purl.obolibrary.org/obo/MONDO_0001008>	"blepharophimosis"	
<http://purl.obolibrary.org/obo/MONDO_0013172>	"polymicrogyria with optic nerve hypoplasia"	<http://purl.obolibrary.org/obo/MONDO_0000087>	"polymicrogyria"	
<http://purl.obolibrary.org/obo/MONDO_0011146>	"tetrasomy 12p"	<http://purl.obolibrary.org/obo/MONDO_0030502>	"tetrasomy"	
<http://purl.obolibrary.org/obo/MONDO_0008800>	"microphthalmia with limb anomalies"	<http://purl.obolibrary.org/obo/MONDO_0021129>	"microphthalmia"	
<http://purl.obolibrary.org/obo/MONDO_0014546>	"myopathy due to calsequestrin and SERCA1 protein overload"	<http://purl.obolibrary.org/obo/MONDO_0005336>	"myopathy"	
<http://purl.obolibrary.org/obo/MONDO_0018280>	"muscle-eye-brain disease with bilateral multicystic leucodystrophy"	<http://purl.obolibrary.org/obo/MONDO_0018939>	"muscle-eye-brain disease"	
<http://purl.obolibrary.org/obo/MONDO_0014361>	"autism spectrum disorder due to AUTS2 deficiency"	<http://purl.obolibrary.org/obo/MONDO_0005258>	"autism spectrum disorder"	
<http://purl.obolibrary.org/obo/MONDO_0014361>	"autism spectrum disorder due to AUTS2 deficiency"	<http://purl.obolibrary.org/obo/MONDO_0005260>	"autism"	
<http://purl.obolibrary.org/obo/MONDO_0033492>	"Coffin-Siris syndrome 6"	<http://purl.obolibrary.org/obo/MONDO_0015452>	"Coffin-Siris syndrome"	
<http://purl.obolibrary.org/obo/MONDO_0007893>	"Noonan syndrome with multiple lentigines"	<http://purl.obolibrary.org/obo/MONDO_0018997>	"Noonan syndrome"	
<http://purl.obolibrary.org/obo/MONDO_0012190>	"nephrotic syndrome - deafness - pretibial epidermolysis bullosa syndrome"	<http://purl.obolibrary.org/obo/MONDO_0005377>	"nephrotic syndrome"	
<http://purl.obolibrary.org/obo/MONDO_0009080>	"split hand-foot malformation 1 with sensorineural hearing loss"	<http://purl.obolibrary.org/obo/MONDO_0016576>	"split hand-foot malformation"	
<http://purl.obolibrary.org/obo/MONDO_0009080>	"split hand-foot malformation 1 with sensorineural hearing loss"	<http://purl.obolibrary.org/obo/MONDO_0008464>	"split hand-foot malformation 1"	
<http://purl.obolibrary.org/obo/MONDO_0007765>	"hyperostosis cranialis interna"	<http://purl.obolibrary.org/obo/MONDO_0002185>	"hyperostosis"	
<http://purl.obolibrary.org/obo/MONDO_0011580>	"cerebellar ataxia and hypergonadotropic hypogonadism"	<http://purl.obolibrary.org/obo/MONDO_0000437>	"cerebellar ataxia"	
<http://purl.obolibrary.org/obo/MONDO_0030923>	"frontotemporal dementia and/or amyotrophic lateral sclerosis"	<http://purl.obolibrary.org/obo/MONDO_0017276>	"frontotemporal dementia"	
<http://purl.obolibrary.org/obo/MONDO_0014395>	"frontotemporal dementia and/or amyotrophic lateral sclerosis 2"	<http://purl.obolibrary.org/obo/MONDO_0017276>	"frontotemporal dementia"	
<http://purl.obolibrary.org/obo/MONDO_0013501>	"frontotemporal dementia and/or amyotrophic lateral sclerosis 6"	<http://purl.obolibrary.org/obo/MONDO_0017276>	"frontotemporal dementia"	
<http://purl.obolibrary.org/obo/MONDO_0007105>	"frontotemporal dementia and/or amyotrophic lateral sclerosis 1"	<http://purl.obolibrary.org/obo/MONDO_0017276>	"frontotemporal dementia"	
<http://purl.obolibrary.org/obo/MONDO_0030872>	"frontotemporal dementia and/or amyotrophic lateral sclerosis 8"	<http://purl.obolibrary.org/obo/MONDO_0017276>	"frontotemporal dementia"	
<http://purl.obolibrary.org/obo/MONDO_0030875>	"frontotemporal dementia and/or amyotrophic lateral sclerosis 5"	<http://purl.obolibrary.org/obo/MONDO_0017276>	"frontotemporal dementia"	
<http://purl.obolibrary.org/obo/MONDO_0014641>	"frontotemporal dementia and/or amyotrophic lateral sclerosis 4"	<http://purl.obolibrary.org/obo/MONDO_0017276>	"frontotemporal dementia"	
<http://purl.obolibrary.org/obo/MONDO_0014807>	"spinal muscular atrophy with congenital bone fractures 2"	<http://purl.obolibrary.org/obo/MONDO_0001516>	"spinal muscular atrophy"	
<http://purl.obolibrary.org/obo/MONDO_0014806>	"spinal muscular atrophy with congenital bone fractures 1"	<http://purl.obolibrary.org/obo/MONDO_0001516>	"spinal muscular atrophy"	
<http://purl.obolibrary.org/obo/MONDO_0000167>	"Huntington disease and related disorders"	<http://purl.obolibrary.org/obo/MONDO_0007739>	"Huntington disease"	
<http://purl.obolibrary.org/obo/MONDO_0017161>	"frontotemporal dementia with motor neuron disease"	<http://purl.obolibrary.org/obo/MONDO_0017276>	"frontotemporal dementia"	
<http://purl.obolibrary.org/obo/MONDO_0015369>	"Joubert syndrome and related disorders"	<http://purl.obolibrary.org/obo/MONDO_0018772>	"Joubert syndrome"	
<http://purl.obolibrary.org/obo/MONDO_0018342>	"Joubert syndrome with Jeune asphyxiating thoracic dystrophy"	<http://purl.obolibrary.org/obo/MONDO_0018772>	"Joubert syndrome"	
<http://purl.obolibrary.org/obo/MONDO_0020751>	"orthostatic hypotension 2"	<http://purl.obolibrary.org/obo/MONDO_0005469>	"orthostatic hypotension"	
<http://purl.obolibrary.org/obo/MONDO_0008754>	"alopecia - contractures - dwarfism - intellectual disability syndrome"	<http://purl.obolibrary.org/obo/MONDO_0004907>	"alopecia"	
<http://purl.obolibrary.org/obo/MONDO_0009141>	"torsion dystonia 2"	<http://purl.obolibrary.org/obo/MONDO_0044843>	"torsion dystonia"	
<http://purl.obolibrary.org/obo/MONDO_0011249>	"torsion dystonia with onset in infancy"	<http://purl.obolibrary.org/obo/MONDO_0044843>	"torsion dystonia"	
<http://purl.obolibrary.org/obo/MONDO_0007493>	"torsion dystonia 4"	<http://purl.obolibrary.org/obo/MONDO_0044843>	"torsion dystonia"	
<http://purl.obolibrary.org/obo/MONDO_0012895>	"torsion dystonia 17"	<http://purl.obolibrary.org/obo/MONDO_0044843>	"torsion dystonia"	
<http://purl.obolibrary.org/obo/MONDO_0011264>	"torsion dystonia 6"	<http://purl.obolibrary.org/obo/MONDO_0044843>	"torsion dystonia"	
<http://purl.obolibrary.org/obo/MONDO_0011886>	"torsion dystonia 13"	<http://purl.obolibrary.org/obo/MONDO_0044843>	"torsion dystonia"	
<http://purl.obolibrary.org/obo/MONDO_0011200>	"torsion dystonia 7"	<http://purl.obolibrary.org/obo/MONDO_0044843>	"torsion dystonia"	
<http://purl.obolibrary.org/obo/MONDO_0015723>	"trisomy 12p"	<http://purl.obolibrary.org/obo/MONDO_0700065>	"trisomy"	
<http://purl.obolibrary.org/obo/MONDO_0011365>	"blepharophimosis - intellectual disability syndrome, SBBYS type"	<http://purl.obolibrary.org/obo/MONDO_0001008>	"blepharophimosis"	
<http://purl.obolibrary.org/obo/MONDO_0005618>	"anxiety disorder"	<http://purl.obolibrary.org/obo/MONDO_0011918>	"anxiety"	
<http://purl.obolibrary.org/obo/MONDO_0020689>	"AIDS dementia complex"	<http://purl.obolibrary.org/obo/MONDO_0012268>	"AIDS"	
<http://purl.obolibrary.org/obo/MONDO_0043139>	"microcephaly sparse hair intellectual disability seizures"	<http://purl.obolibrary.org/obo/MONDO_0001149>	"microcephaly"	
<http://purl.obolibrary.org/obo/MONDO_0017393>	"blepharophimosis - intellectual disability syndrome"	<http://purl.obolibrary.org/obo/MONDO_0001008>	"blepharophimosis"	
<http://purl.obolibrary.org/obo/MONDO_0011432>	"blepharophimosis - intellectual disability syndrome, Verloes type"	<http://purl.obolibrary.org/obo/MONDO_0001008>	"blepharophimosis"	
<http://purl.obolibrary.org/obo/MONDO_0009583>	"blepharophimosis - intellectual disability syndrome, Ohdo type"	<http://purl.obolibrary.org/obo/MONDO_0001008>	"blepharophimosis"	
<http://purl.obolibrary.org/obo/MONDO_0008425>	"omphalocele syndrome, Shprintzen-Goldberg type"	<http://purl.obolibrary.org/obo/MONDO_0019015>	"omphalocele"	
<http://purl.obolibrary.org/obo/MONDO_0010835>	"pterygium colli-intellectual disability-digital anomalies syndrome"	<http://purl.obolibrary.org/obo/MONDO_0005085>	"pterygium"	
<http://purl.obolibrary.org/obo/MONDO_0005258>	"autism spectrum disorder"	<http://purl.obolibrary.org/obo/MONDO_0005260>	"autism"	
<http://purl.obolibrary.org/obo/MONDO_0020648>	"rubella encephalitis"	<http://purl.obolibrary.org/obo/MONDO_0004656>	"rubella"	
<http://purl.obolibrary.org/obo/MONDO_0018977>	"polyneuropathy associated with IgM monoclonal gammapathy with anti-MAG"	<http://purl.obolibrary.org/obo/MONDO_0001824>	"polyneuropathy"	
<http://purl.obolibrary.org/obo/MONDO_0000686>	"alexia without agraphia"	<http://purl.obolibrary.org/obo/MONDO_0001712>	"alexia"	
<http://purl.obolibrary.org/obo/MONDO_0043133>	"microcephaly micropenis convulsions"	<http://purl.obolibrary.org/obo/MONDO_0001149>	"microcephaly"	
<http://purl.obolibrary.org/obo/MONDO_0022308>	"corticobasal degeneration disorder"	<http://purl.obolibrary.org/obo/MONDO_0022880>	"corticobasal degeneration"	
<http://purl.obolibrary.org/obo/MONDO_0016428>	"multiple sclerosis variant"	<http://purl.obolibrary.org/obo/MONDO_0005301>	"multiple sclerosis"	
<http://purl.obolibrary.org/obo/MONDO_0017240>	"acrodysostosis with multiple hormone resistance"	<http://purl.obolibrary.org/obo/MONDO_0019797>	"acrodysostosis"	
<http://purl.obolibrary.org/obo/MONDO_0015481>	"coloboma of inferior eyelid"	<http://purl.obolibrary.org/obo/MONDO_0001476>	"coloboma"	
<http://purl.obolibrary.org/obo/MONDO_0015480>	"coloboma of superior eyelid"	<http://purl.obolibrary.org/obo/MONDO_0001476>	"coloboma"	
<http://purl.obolibrary.org/obo/MONDO_0016034>	"cleft lip with or without cleft palate"	<http://purl.obolibrary.org/obo/MONDO_0004747>	"cleft lip"	
<http://purl.obolibrary.org/obo/MONDO_0014772>	"orofacial cleft 15"	<http://purl.obolibrary.org/obo/MONDO_0000358>	"orofacial cleft"	
<http://purl.obolibrary.org/obo/MONDO_0015420>	"cleft lip and alveolus"	<http://purl.obolibrary.org/obo/MONDO_0004747>	"cleft lip"	
<http://purl.obolibrary.org/obo/MONDO_0015384>	"digestive duplication cyst of the tongue"	<http://purl.obolibrary.org/obo/MONDO_0016531>	"digestive duplication"	
<http://purl.obolibrary.org/obo/MONDO_0020197>	"EEC syndrome and related syndrome"	<http://purl.obolibrary.org/obo/MONDO_0010004>	"EEC syndrome"	
<http://purl.obolibrary.org/obo/MONDO_0004856>	"rosacea conjunctivitis"	<http://purl.obolibrary.org/obo/MONDO_0006604>	"rosacea"	
<http://purl.obolibrary.org/obo/MONDO_0021032>	"herpes zoster with dermatitis of eyelid"	<http://purl.obolibrary.org/obo/MONDO_0005609>	"herpes zoster"	
<http://purl.obolibrary.org/obo/MONDO_0004706>	"discoid lupus erythematosus of eyelid"	<http://purl.obolibrary.org/obo/MONDO_0019558>	"discoid lupus erythematosus"	
<http://purl.obolibrary.org/obo/MONDO_0017204>	"toxic maculopathy due to antimalarial drugs"	<http://purl.obolibrary.org/obo/MONDO_0004904>	"toxic maculopathy"	
<http://purl.obolibrary.org/obo/MONDO_0019630>	"congenital ectropion uveae"	<http://purl.obolibrary.org/obo/MONDO_0020161>	"congenital ectropion"	
<http://purl.obolibrary.org/obo/MONDO_0001996>	"steroid-induced glaucoma - borderline"	<http://purl.obolibrary.org/obo/MONDO_0004930>	"steroid-induced glaucoma"	
<http://purl.obolibrary.org/obo/MONDO_0020278>	"metabolic disease associated with ocular features"	<http://purl.obolibrary.org/obo/MONDO_0005066>	"metabolic disease"	
<http://purl.obolibrary.org/obo/MONDO_0020282>	"metabolic disease with macular cherry-red spot"	<http://purl.obolibrary.org/obo/MONDO_0005066>	"metabolic disease"	
<http://purl.obolibrary.org/obo/MONDO_0020279>	"metabolic disease with corneal opacity"	<http://purl.obolibrary.org/obo/MONDO_0005066>	"metabolic disease"	
<http://purl.obolibrary.org/obo/MONDO_0020281>	"metabolic disease with pigmentary retinitis"	<http://purl.obolibrary.org/obo/MONDO_0005066>	"metabolic disease"	
<http://purl.obolibrary.org/obo/MONDO_0020265>	"mitochondrial disease with eye involvement"	<http://purl.obolibrary.org/obo/MONDO_0044970>	"mitochondrial disease"	
<http://purl.obolibrary.org/obo/MONDO_0020280>	"metabolic disease with cataract"	<http://purl.obolibrary.org/obo/MONDO_0005066>	"metabolic disease"	
<http://purl.obolibrary.org/obo/MONDO_0008132>	"optic atrophy with demyelinating disease of CNS"	<http://purl.obolibrary.org/obo/MONDO_0003608>	"optic atrophy"	
<http://purl.obolibrary.org/obo/MONDO_0005408>	"diabetes mellitus type 2 associated cataract"	<http://purl.obolibrary.org/obo/MONDO_0005015>	"diabetes mellitus"	
<http://purl.obolibrary.org/obo/MONDO_0008728>	"classic congenital adrenal hyperplasia due to 21-hydroxylase deficiency"	<http://purl.obolibrary.org/obo/MONDO_0060783>	"classic congenital adrenal hyperplasia"	
<http://purl.obolibrary.org/obo/MONDO_0017839>	"classic congenital adrenal hyperplasia due to 21-hydroxylase deficiency, salt wasting form"	<http://purl.obolibrary.org/obo/MONDO_0060783>	"classic congenital adrenal hyperplasia"	
<http://purl.obolibrary.org/obo/MONDO_0017840>	"classic congenital adrenal hyperplasia due to 21-hydroxylase deficiency, simple virilizing form"	<http://purl.obolibrary.org/obo/MONDO_0060783>	"classic congenital adrenal hyperplasia"	
<http://purl.obolibrary.org/obo/MONDO_0023619>	"lentigo maligna melanoma"	<http://purl.obolibrary.org/obo/MONDO_0021582>	"lentigo"	
<http://purl.obolibrary.org/obo/MONDO_0018918>	"carcinoma of gallbladder and extrahepatic biliary tract"	<http://purl.obolibrary.org/obo/MONDO_0004993>	"carcinoma"	
<http://purl.obolibrary.org/obo/MONDO_0020542>	"malignant Sertoli-Leydig cell tumor of ovary"	<http://purl.obolibrary.org/obo/MONDO_0000379>	"malignant Sertoli-Leydig cell tumor"	
<http://purl.obolibrary.org/obo/MONDO_0015308>	"laminopathy type Decaudain-Vigouroux"	<http://purl.obolibrary.org/obo/MONDO_0021106>	"laminopathy"	
<http://purl.obolibrary.org/obo/MONDO_0004158>	"pancreatic mucinous-cystic neoplasm with an associated invasive carcinoma"	<http://purl.obolibrary.org/obo/MONDO_0044879>	"pancreatic mucinous-cystic neoplasm"	
<http://purl.obolibrary.org/obo/MONDO_0019668>	"adenoma of pancreas"	<http://purl.obolibrary.org/obo/MONDO_0004972>	"adenoma"	
<http://purl.obolibrary.org/obo/MONDO_0005448>	"hepatitis C induced liver cirrhosis"	<http://purl.obolibrary.org/obo/MONDO_0002251>	"hepatitis"	
<http://purl.obolibrary.org/obo/MONDO_0022729>	"chondrodysplasia punctata with steroid sulfatase deficiency"	<http://purl.obolibrary.org/obo/MONDO_0019701>	"chondrodysplasia punctata"	
<http://purl.obolibrary.org/obo/MONDO_0022598>	"brachydactyly absence of distal phalanges"	<http://purl.obolibrary.org/obo/MONDO_0021004>	"brachydactyly"	
<http://purl.obolibrary.org/obo/MONDO_0022776>	"cleft lip and/or palate with mucous cysts of lower"	<http://purl.obolibrary.org/obo/MONDO_0004747>	"cleft lip"	
<http://purl.obolibrary.org/obo/MONDO_0023272>	"goniodysgenesis intellectual disability short stature"	<http://purl.obolibrary.org/obo/MONDO_0020218>	"goniodysgenesis"	
<http://purl.obolibrary.org/obo/MONDO_0014810>	"pancytopenia due to IKZF1 mutations"	<http://purl.obolibrary.org/obo/MONDO_0001529>	"pancytopenia"	
<http://purl.obolibrary.org/obo/MONDO_0022656>	"cardiomyopathy spherocytosis"	<http://purl.obolibrary.org/obo/MONDO_0004994>	"cardiomyopathy"	
<http://purl.obolibrary.org/obo/MONDO_0022650>	"cardiomyopathy diabetes deafness"	<http://purl.obolibrary.org/obo/MONDO_0004994>	"cardiomyopathy"	
<http://purl.obolibrary.org/obo/MONDO_0022887>	"craniofrontonasal syndrome Teebi type"	<http://purl.obolibrary.org/obo/MONDO_0010570>	"craniofrontonasal syndrome"	
<http://purl.obolibrary.org/obo/MONDO_0022785>	"cleft palate cardiac defect ectrodactyly"	<http://purl.obolibrary.org/obo/MONDO_0016064>	"cleft palate"	
<http://purl.obolibrary.org/obo/MONDO_0022337>	"AIDS dysmorphic syndrome"	<http://purl.obolibrary.org/obo/MONDO_0012268>	"AIDS"	
<http://purl.obolibrary.org/obo/MONDO_0022496>	"arthrogryposis IUGR thoracic dystrophy"	<http://purl.obolibrary.org/obo/MONDO_0008779>	"arthrogryposis"	
<http://purl.obolibrary.org/obo/MONDO_0022777>	"cleft lip palate dysmorphism kumar type"	<http://purl.obolibrary.org/obo/MONDO_0004747>	"cleft lip"	
<http://purl.obolibrary.org/obo/MONDO_0006657>	"apparent mineralocorticoid excess syndrome"	<http://purl.obolibrary.org/obo/MONDO_0009025>	"apparent mineralocorticoid excess"	
<http://purl.obolibrary.org/obo/MONDO_0020603>	"X-linked chondrodysplasia punctata 2"	<http://purl.obolibrary.org/obo/MONDO_0010556>	"X-linked chondrodysplasia punctata"	
<http://purl.obolibrary.org/obo/MONDO_0023197>	"frontonasal dysplasia Klippel feil syndrome"	<http://purl.obolibrary.org/obo/MONDO_0016643>	"frontonasal dysplasia"	
<http://purl.obolibrary.org/obo/MONDO_0022465>	"anotia facial palsy cardiac defect"	<http://purl.obolibrary.org/obo/MONDO_0019780>	"anotia"	
<http://purl.obolibrary.org/obo/MONDO_0023255>	"glossopalatine ankylosis micrognathia ear anomalies"	<http://purl.obolibrary.org/obo/MONDO_0015399>	"glossopalatine ankylosis"	
<http://purl.obolibrary.org/obo/MONDO_0022603>	"brachydactyly tibial hypoplasia"	<http://purl.obolibrary.org/obo/MONDO_0021004>	"brachydactyly"	
<http://purl.obolibrary.org/obo/MONDO_0022504>	"arthrogryposis spinal muscular atrophy"	<http://purl.obolibrary.org/obo/MONDO_0008779>	"arthrogryposis"	
<http://purl.obolibrary.org/obo/MONDO_0022599>	"brachydactyly anonychia"	<http://purl.obolibrary.org/obo/MONDO_0021004>	"brachydactyly"	
<http://purl.obolibrary.org/obo/MONDO_0022916>	"cystic hygroma lethal cleft palate"	<http://purl.obolibrary.org/obo/MONDO_0009761>	"cystic hygroma"	
<http://purl.obolibrary.org/obo/MONDO_0011238>	"chondrodysplasia punctata, brachytelephalangic, autosomal"	<http://purl.obolibrary.org/obo/MONDO_0022723>	"chondrodysplasia"	
<http://purl.obolibrary.org/obo/MONDO_0007322>	"chondrodysplasia punctata, tibial-metacarpal type"	<http://purl.obolibrary.org/obo/MONDO_0022723>	"chondrodysplasia"	
<http://purl.obolibrary.org/obo/MONDO_0021849>	"alopecia macular degeneration growth retardation syndrome"	<http://purl.obolibrary.org/obo/MONDO_0004907>	"alopecia"	
<http://purl.obolibrary.org/obo/MONDO_0015692>	"refractory anemia with excess blasts in transformation"	<http://purl.obolibrary.org/obo/MONDO_0005272>	"refractory anemia"	
<http://purl.obolibrary.org/obo/MONDO_0022803>	"coloboma porencephaly hydronephrosis"	<http://purl.obolibrary.org/obo/MONDO_0001476>	"coloboma"	
<http://purl.obolibrary.org/obo/MONDO_0022779>	"cleft lip palate oligodontia syndactyly pili torti"	<http://purl.obolibrary.org/obo/MONDO_0004747>	"cleft lip"	
<http://purl.obolibrary.org/obo/MONDO_0022610>	"bronchiectasis oligospermia"	<http://purl.obolibrary.org/obo/MONDO_0004822>	"bronchiectasis"	
<http://purl.obolibrary.org/obo/MONDO_0023154>	"fibromatosis multiple non ossifying"	<http://purl.obolibrary.org/obo/MONDO_0005031>	"fibromatosis"	
<http://purl.obolibrary.org/obo/MONDO_0008699>	"achalasia microcephaly syndrome"	<http://purl.obolibrary.org/obo/MONDO_0008698>	"achalasia"	
<http://purl.obolibrary.org/obo/MONDO_0008636>	"double uterus-hemivagina-renal agenesis syndrome"	<http://purl.obolibrary.org/obo/MONDO_0023005>	"double uterus-hemivagina-renal agenesis"	
<http://purl.obolibrary.org/obo/MONDO_0022602>	"brachydactyly small stature face anomalies"	<http://purl.obolibrary.org/obo/MONDO_0021004>	"brachydactyly"	
<http://purl.obolibrary.org/obo/MONDO_0022380>	"acute lymphoblastic leukemia congenital sporadic aniridia"	<http://purl.obolibrary.org/obo/MONDO_0004967>	"acute lymphoblastic leukemia"	
<http://purl.obolibrary.org/obo/MONDO_0022831>	"congenital heart disease ptosis hypodontia craniostosis"	<http://purl.obolibrary.org/obo/MONDO_0005453>	"congenital heart disease"	
<http://purl.obolibrary.org/obo/MONDO_0009634>	"microtia with meatal atresia and conductive deafness"	<http://purl.obolibrary.org/obo/MONDO_0010920>	"microtia"	
<http://purl.obolibrary.org/obo/MONDO_0019176>	"trichorhinophalangeal syndrome type I or III"	<http://purl.obolibrary.org/obo/MONDO_0008596>	"trichorhinophalangeal syndrome type I"	
<http://purl.obolibrary.org/obo/MONDO_0022500>	"arthrogryposis multiplex congenita CNS calcification"	<http://purl.obolibrary.org/obo/MONDO_0008779>	"arthrogryposis"	
<http://purl.obolibrary.org/obo/MONDO_0022500>	"arthrogryposis multiplex congenita CNS calcification"	<http://purl.obolibrary.org/obo/MONDO_0015168>	"arthrogryposis multiplex congenita"	
<http://purl.obolibrary.org/obo/MONDO_0022654>	"cardiomyopathy hypogonadism collagenoma syndrome"	<http://purl.obolibrary.org/obo/MONDO_0004994>	"cardiomyopathy"	
<http://purl.obolibrary.org/obo/MONDO_0023015>	"duodenal atresia tetralogy of fallot"	<http://purl.obolibrary.org/obo/MONDO_0009126>	"duodenal atresia"	
<http://purl.obolibrary.org/obo/MONDO_0022786>	"cleft palate colobomata radial synostosis deafness"	<http://purl.obolibrary.org/obo/MONDO_0016064>	"cleft palate"	
<http://purl.obolibrary.org/obo/MONDO_0022417>	"alopecia congenita keratosis palmoplantaris"	<http://purl.obolibrary.org/obo/MONDO_0004907>	"alopecia"	
<http://purl.obolibrary.org/obo/MONDO_0017332>	"pyoderma gangrenosum-acne-suppurative hidradenitis syndrome"	<http://purl.obolibrary.org/obo/MONDO_0002922>	"pyoderma"	
<http://purl.obolibrary.org/obo/MONDO_0022909>	"cutis laxa osteoporosis"	<http://purl.obolibrary.org/obo/MONDO_0016175>	"cutis laxa"	
<http://purl.obolibrary.org/obo/MONDO_0022778>	"cleft lip palate intellectual disability corneal opacity"	<http://purl.obolibrary.org/obo/MONDO_0004747>	"cleft lip"	
<http://purl.obolibrary.org/obo/MONDO_0019902>	"monosomy 13q34"	<http://purl.obolibrary.org/obo/MONDO_0020639>	"monosomy"	
<http://purl.obolibrary.org/obo/MONDO_0022775>	"cleft lip and palate malrotation cardiopathy"	<http://purl.obolibrary.org/obo/MONDO_0004747>	"cleft lip"	
<http://purl.obolibrary.org/obo/MONDO_0022615>	"burn goodship syndrome"	<http://purl.obolibrary.org/obo/MONDO_0043519>	"burn"	
<http://purl.obolibrary.org/obo/MONDO_0022780>	"cleft lip palate pituitary deficiency"	<http://purl.obolibrary.org/obo/MONDO_0004747>	"cleft lip"	
<http://purl.obolibrary.org/obo/MONDO_0023199>	"frontonasal dysplasia phocomelic upper limbs"	<http://purl.obolibrary.org/obo/MONDO_0016643>	"frontonasal dysplasia"	
<http://purl.obolibrary.org/obo/MONDO_0022865>	"corneal dystrophy ichthyosis microcephaly intellectual disability"	<http://purl.obolibrary.org/obo/MONDO_0018102>	"corneal dystrophy"	
<http://purl.obolibrary.org/obo/MONDO_0022648>	"cardiomyopathy and deafness due to tRNA lysine gene mutation"	<http://purl.obolibrary.org/obo/MONDO_0004994>	"cardiomyopathy"	
<http://purl.obolibrary.org/obo/MONDO_0023091>	"esophageal atresia coloboma talipes"	<http://purl.obolibrary.org/obo/MONDO_0001044>	"esophageal atresia"	
<http://purl.obolibrary.org/obo/MONDO_0022866>	"corneal dystrophy pigmentary anomaly malabsorption"	<http://purl.obolibrary.org/obo/MONDO_0018102>	"corneal dystrophy"	
<http://purl.obolibrary.org/obo/MONDO_0007670>	"hypotrichosis-lymphedema-telangiectasia syndrome (grouping)"	<http://purl.obolibrary.org/obo/MONDO_0011914>	"hypotrichosis-lymphedema-telangiectasia syndrome"	
<http://purl.obolibrary.org/obo/MONDO_0022832>	"congenital heart disease radio ulnar synostosis intellectual disability"	<http://purl.obolibrary.org/obo/MONDO_0005453>	"congenital heart disease"	
<http://purl.obolibrary.org/obo/MONDO_0022675>	"cataract skeletal anomalies"	<http://purl.obolibrary.org/obo/MONDO_0005129>	"cataract"	
<http://purl.obolibrary.org/obo/MONDO_0022781>	"cleft lip palate-tetraphocomelia"	<http://purl.obolibrary.org/obo/MONDO_0004747>	"cleft lip"	
<http://purl.obolibrary.org/obo/MONDO_0022968>	"dextrocardia with situs inversus"	<http://purl.obolibrary.org/obo/MONDO_0015661>	"dextrocardia"	
<http://purl.obolibrary.org/obo/MONDO_0022655>	"cardiomyopathy hypogonadism metabolic anomalies"	<http://purl.obolibrary.org/obo/MONDO_0004994>	"cardiomyopathy"	
<http://purl.obolibrary.org/obo/MONDO_0022787>	"cleft palate heart disease polydactyly absent tibia"	<http://purl.obolibrary.org/obo/MONDO_0016064>	"cleft palate"	
<http://purl.obolibrary.org/obo/MONDO_0003019>	"potassium deficiency disease"	<http://purl.obolibrary.org/obo/MONDO_0006919>	"potassium deficiency"	
<http://purl.obolibrary.org/obo/MONDO_0006784>	"hemorrhagic disease of newborn"	<http://purl.obolibrary.org/obo/MONDO_0002243>	"hemorrhagic disease"	
<http://purl.obolibrary.org/obo/MONDO_0017933>	"hypertrophic cardiomyopathy and renal tubular disease due to mitochondrial DNA mutation"	<http://purl.obolibrary.org/obo/MONDO_0005045>	"hypertrophic cardiomyopathy"	
<http://purl.obolibrary.org/obo/MONDO_0009891>	"acquired polycythemia vera"	<http://purl.obolibrary.org/obo/MONDO_0002438>	"acquired polycythemia"	
<http://purl.obolibrary.org/obo/MONDO_0005438>	"metastatic malignant neoplasm in the lymph nodes"	<http://purl.obolibrary.org/obo/MONDO_0024880>	"metastatic malignant neoplasm"	
<http://purl.obolibrary.org/obo/MONDO_0015690>	"myeloid neoplasm associated with PDGFRB rearrangement"	<http://purl.obolibrary.org/obo/MONDO_0005170>	"myeloid neoplasm"	
<http://purl.obolibrary.org/obo/MONDO_0013296>	"myeloid neoplasm associated with FGFR1 rearrangement"	<http://purl.obolibrary.org/obo/MONDO_0005170>	"myeloid neoplasm"	
<http://purl.obolibrary.org/obo/MONDO_0015689>	"myeloid neoplasm associated with PDGFRA rearrangement"	<http://purl.obolibrary.org/obo/MONDO_0005170>	"myeloid neoplasm"	
<http://purl.obolibrary.org/obo/MONDO_0019482>	"dendritic cell sarcoma not otherwise specified"	<http://purl.obolibrary.org/obo/MONDO_0004380>	"dendritic cell sarcoma"	
<http://purl.obolibrary.org/obo/MONDO_0045071>	"mycosis fungoides variant"	<http://purl.obolibrary.org/obo/MONDO_0009691>	"mycosis fungoides"	
<http://purl.obolibrary.org/obo/MONDO_0015821>	"mycosis fungoides and variants"	<http://purl.obolibrary.org/obo/MONDO_0009691>	"mycosis fungoides"	
<http://purl.obolibrary.org/obo/MONDO_0018813>	"high grade B-cell lymphoma with MYC and/ or BCL2 and/or BCL6 rearrangement"	<http://purl.obolibrary.org/obo/MONDO_0044889>	"high grade B-cell lymphoma"	
<http://purl.obolibrary.org/obo/MONDO_0018621>	"lymphoplasmacytic lymphoma without IgM production"	<http://purl.obolibrary.org/obo/MONDO_0000432>	"lymphoplasmacytic lymphoma"	
<http://purl.obolibrary.org/obo/MONDO_0013044>	"atypical hemolytic-uremic syndrome with thrombomodulin anomaly"	<http://purl.obolibrary.org/obo/MONDO_0016244>	"atypical hemolytic-uremic syndrome"	
<http://purl.obolibrary.org/obo/MONDO_0007728>	"acne inversa, familial, 1"	<http://purl.obolibrary.org/obo/MONDO_0011438>	"acne"	
<http://purl.obolibrary.org/obo/MONDO_0013398>	"acne inversa, familial, 3"	<http://purl.obolibrary.org/obo/MONDO_0011438>	"acne"	
<http://purl.obolibrary.org/obo/MONDO_0013397>	"acne inversa, familial, 2"	<http://purl.obolibrary.org/obo/MONDO_0011438>	"acne"	
<http://purl.obolibrary.org/obo/MONDO_0026045>	"prurigo nodularis"	<http://purl.obolibrary.org/obo/MONDO_0021739>	"prurigo"	
<http://purl.obolibrary.org/obo/MONDO_0007313>	"cheilitis glandularis"	<http://purl.obolibrary.org/obo/MONDO_0002102>	"cheilitis"	
<http://purl.obolibrary.org/obo/MONDO_0008713>	"acrodermatitis enteropathica"	<http://purl.obolibrary.org/obo/MONDO_0006523>	"acrodermatitis"	
<http://purl.obolibrary.org/obo/MONDO_0018855>	"keratosis pilaris atrophicans"	<http://purl.obolibrary.org/obo/MONDO_0006566>	"keratosis"	
<http://purl.obolibrary.org/obo/MONDO_0021033>	"herpes zoster dermatitis"	<http://purl.obolibrary.org/obo/MONDO_0005609>	"herpes zoster"	
<http://purl.obolibrary.org/obo/MONDO_0043468>	"acne keloid"	<http://purl.obolibrary.org/obo/MONDO_0011438>	"acne"	
<http://purl.obolibrary.org/obo/MONDO_0019324>	"pemphigus foliaceus"	<http://purl.obolibrary.org/obo/MONDO_0006594>	"pemphigus"	
<http://purl.obolibrary.org/obo/MONDO_0019323>	"pemphigus erythematosus"	<http://purl.obolibrary.org/obo/MONDO_0006594>	"pemphigus"	
<http://purl.obolibrary.org/obo/MONDO_0012551>	"alopecia areata 2"	<http://purl.obolibrary.org/obo/MONDO_0005340>	"alopecia areata"	
<http://purl.obolibrary.org/obo/MONDO_0015995>	"melorheostosis with osteopoikilosis"	<http://purl.obolibrary.org/obo/MONDO_0007970>	"melorheostosis"	
<http://purl.obolibrary.org/obo/MONDO_0044719>	"erythema multiforme major"	<http://purl.obolibrary.org/obo/MONDO_0006545>	"erythema multiforme"	
<http://purl.obolibrary.org/obo/MONDO_0019583>	"localized lichen myxedematosus with mixed features of different subtypes"	<http://purl.obolibrary.org/obo/MONDO_0019446>	"localized lichen myxedematosus"	
<http://purl.obolibrary.org/obo/MONDO_0019585>	"scleromyxedema without monoclonal gammopathy"	<http://purl.obolibrary.org/obo/MONDO_0015665>	"scleromyxedema"	
<http://purl.obolibrary.org/obo/MONDO_0019584>	"localized lichen myxedematosus with monoclonal gammopathy or systemic symptoms"	<http://purl.obolibrary.org/obo/MONDO_0019446>	"localized lichen myxedematosus"	
<http://purl.obolibrary.org/obo/MONDO_0019575>	"hypotrichosis simplex of the scalp"	<http://purl.obolibrary.org/obo/MONDO_0018914>	"hypotrichosis simplex"	
<http://purl.obolibrary.org/obo/MONDO_0019575>	"hypotrichosis simplex of the scalp"	<http://purl.obolibrary.org/obo/MONDO_0003037>	"hypotrichosis"	
<http://purl.obolibrary.org/obo/MONDO_0018914>	"hypotrichosis simplex"	<http://purl.obolibrary.org/obo/MONDO_0003037>	"hypotrichosis"	
<http://purl.obolibrary.org/obo/MONDO_0021036>	"keratosis pilaris"	<http://purl.obolibrary.org/obo/MONDO_0006566>	"keratosis"	
<http://purl.obolibrary.org/obo/MONDO_0020386>	"double outlet right ventricle with subaortic or doubly committed ventricular septal defect with pulmonary stenosis"	<http://purl.obolibrary.org/obo/MONDO_0018498>	"double outlet right ventricle with subaortic or doubly committed ventricular septal defect"	
<http://purl.obolibrary.org/obo/MONDO_0017426>	"postaxial polydactyly of fingers"	<http://purl.obolibrary.org/obo/MONDO_0020927>	"postaxial polydactyly"	
<http://purl.obolibrary.org/obo/MONDO_0020297>	"Noonan syndrome and Noonan-related syndrome"	<http://purl.obolibrary.org/obo/MONDO_0018997>	"Noonan syndrome"	
<http://purl.obolibrary.org/obo/MONDO_0020285>	"transposition of the great arteries and conotruncal cardiac anomaly"	<http://purl.obolibrary.org/obo/MONDO_0000153>	"transposition of the great arteries"	
<http://purl.obolibrary.org/obo/MONDO_0019817>	"congenital mitral valve insufficiency and/or stenosis"	<http://purl.obolibrary.org/obo/MONDO_0001298>	"congenital mitral valve insufficiency"	
<http://purl.obolibrary.org/obo/MONDO_0016577>	"biliary atresia with splenic malformation syndrome"	<http://purl.obolibrary.org/obo/MONDO_0008867>	"biliary atresia"	
<http://purl.obolibrary.org/obo/MONDO_0015768>	"trisomy 5p"	<http://purl.obolibrary.org/obo/MONDO_0700065>	"trisomy"	
<http://purl.obolibrary.org/obo/MONDO_0009652>	"mucolipidosis type III gamma"	<http://purl.obolibrary.org/obo/MONDO_0018931>	"mucolipidosis type III"	
<http://purl.obolibrary.org/obo/MONDO_0013574>	"cutis laxa - Marfanoid syndrome"	<http://purl.obolibrary.org/obo/MONDO_0016175>	"cutis laxa"	
<http://purl.obolibrary.org/obo/MONDO_0008198>	"parietal foramina with cleidocranial dysplasia"	<http://purl.obolibrary.org/obo/MONDO_0018953>	"parietal foramina"	
<http://purl.obolibrary.org/obo/MONDO_0015934>	"non-syndromic urogenital tract malformation of male and female"	<http://purl.obolibrary.org/obo/MONDO_0015933>	"non-syndromic urogenital tract malformation of male"	
<http://purl.obolibrary.org/obo/MONDO_0015225>	"arthrogryposis syndrome"	<http://purl.obolibrary.org/obo/MONDO_0008779>	"arthrogryposis"	
<http://purl.obolibrary.org/obo/MONDO_0015168>	"arthrogryposis multiplex congenita"	<http://purl.obolibrary.org/obo/MONDO_0008779>	"arthrogryposis"	
<http://purl.obolibrary.org/obo/MONDO_0100218>	"arthrogryposis multiplex congenita 5"	<http://purl.obolibrary.org/obo/MONDO_0008779>	"arthrogryposis"	
<http://purl.obolibrary.org/obo/MONDO_0030281>	"arthrogryposis multiplex congenita 6"	<http://purl.obolibrary.org/obo/MONDO_0008779>	"arthrogryposis"	
<http://purl.obolibrary.org/obo/MONDO_0060486>	"arthrogryposis multiplex congenita 1, neurogenic, with myelin defect"	<http://purl.obolibrary.org/obo/MONDO_0008779>	"arthrogryposis"	
<http://purl.obolibrary.org/obo/MONDO_0032903>	"arthrogryposis multiplex congenita 4, neurogenic, with agenesis of the corpus callosum"	<http://purl.obolibrary.org/obo/MONDO_0008779>	"arthrogryposis"	
<http://purl.obolibrary.org/obo/MONDO_0008823>	"arthrogryposis multiplex congenita 2, neurogenic type"	<http://purl.obolibrary.org/obo/MONDO_0008779>	"arthrogryposis"	
<http://purl.obolibrary.org/obo/MONDO_0032778>	"arthrogryposis multiplex congenita 3, myogenic type"	<http://purl.obolibrary.org/obo/MONDO_0008779>	"arthrogryposis"	
<http://purl.obolibrary.org/obo/MONDO_0025445>	"Wieacker-Wolff syndrome (spectrum)"	<http://purl.obolibrary.org/obo/MONDO_0010758>	"Wieacker-Wolff syndrome"	
<http://purl.obolibrary.org/obo/MONDO_0008825>	"arthrogryposis multiplex congenita-whistling face syndrome"	<http://purl.obolibrary.org/obo/MONDO_0008779>	"arthrogryposis"	
<http://purl.obolibrary.org/obo/MONDO_0007887>	"leiomyoma of vulva and esophagus"	<http://purl.obolibrary.org/obo/MONDO_0001572>	"leiomyoma"	
<http://purl.obolibrary.org/obo/MONDO_0019179>	"monosomy 9q22.3"	<http://purl.obolibrary.org/obo/MONDO_0020639>	"monosomy"	
<http://purl.obolibrary.org/obo/MONDO_0010856>	"autosomal dominant polycystic kidney disease type 1 with tuberous sclerosis"	<http://purl.obolibrary.org/obo/MONDO_0004691>	"autosomal dominant polycystic kidney disease"	
<http://purl.obolibrary.org/obo/MONDO_0016853>	"ring chromosome Y"	<http://purl.obolibrary.org/obo/MONDO_0018186>	"ring chromosome"	
<http://purl.obolibrary.org/obo/MONDO_0017011>	"uniparental disomy of chromosome X"	<http://purl.obolibrary.org/obo/MONDO_0700086>	"uniparental disomy"	
<http://purl.obolibrary.org/obo/MONDO_0700091>	"ring chromosome disorder"	<http://purl.obolibrary.org/obo/MONDO_0018186>	"ring chromosome"	
<http://purl.obolibrary.org/obo/MONDO_0016840>	"trisomy 17p"	<http://purl.obolibrary.org/obo/MONDO_0700065>	"trisomy"	
<http://purl.obolibrary.org/obo/MONDO_0017013>	"trisomy 8p"	<http://purl.obolibrary.org/obo/MONDO_0700065>	"trisomy"	
<http://purl.obolibrary.org/obo/MONDO_0015772>	"trisomy 8q"	<http://purl.obolibrary.org/obo/MONDO_0700065>	"trisomy"	
<http://purl.obolibrary.org/obo/MONDO_0016847>	"trisomy 1q"	<http://purl.obolibrary.org/obo/MONDO_0700065>	"trisomy"	
<http://purl.obolibrary.org/obo/MONDO_0015761>	"trisomy 10p"	<http://purl.obolibrary.org/obo/MONDO_0700065>	"trisomy"	
<http://purl.obolibrary.org/obo/MONDO_0016844>	"trisomy 20p"	<http://purl.obolibrary.org/obo/MONDO_0700065>	"trisomy"	
<http://purl.obolibrary.org/obo/MONDO_0015767>	"trisomy 4p"	<http://purl.obolibrary.org/obo/MONDO_0700065>	"trisomy"	
<http://purl.obolibrary.org/obo/MONDO_0018028>	"tetrasomy 5p"	<http://purl.obolibrary.org/obo/MONDO_0030502>	"tetrasomy"	
<http://purl.obolibrary.org/obo/MONDO_0015740>	"trisomy 18p"	<http://purl.obolibrary.org/obo/MONDO_0700065>	"trisomy"	
<http://purl.obolibrary.org/obo/MONDO_0013668>	"tetrasomy 18p"	<http://purl.obolibrary.org/obo/MONDO_0030502>	"tetrasomy"	
<http://purl.obolibrary.org/obo/MONDO_0018030>	"tetrasomy 9p"	<http://purl.obolibrary.org/obo/MONDO_0030502>	"tetrasomy"	
<http://purl.obolibrary.org/obo/MONDO_0016526>	"trisomy 9p"	<http://purl.obolibrary.org/obo/MONDO_0700065>	"trisomy"	
<http://purl.obolibrary.org/obo/MONDO_0018930>	"monosomy 21"	<http://purl.obolibrary.org/obo/MONDO_0020639>	"monosomy"	
<http://purl.obolibrary.org/obo/MONDO_0020056>	"uniparental disomy of maternal origin"	<http://purl.obolibrary.org/obo/MONDO_0700086>	"uniparental disomy"	
<http://purl.obolibrary.org/obo/MONDO_0020057>	"uniparental disomy of paternal origin"	<http://purl.obolibrary.org/obo/MONDO_0700086>	"uniparental disomy"	
<http://purl.obolibrary.org/obo/MONDO_0017423>	"split hand or/and split foot malformation"	<http://purl.obolibrary.org/obo/MONDO_0017449>	"split hand"	
<http://purl.obolibrary.org/obo/MONDO_0008970>	"chondrodysplasia Blomstrand type"	<http://purl.obolibrary.org/obo/MONDO_0022723>	"chondrodysplasia"	
<http://purl.obolibrary.org/obo/MONDO_0008971>	"chondrodysplasia calcificans Metaphysealis"	<http://purl.obolibrary.org/obo/MONDO_0022723>	"chondrodysplasia"	
<http://purl.obolibrary.org/obo/MONDO_0019701>	"chondrodysplasia punctata"	<http://purl.obolibrary.org/obo/MONDO_0022723>	"chondrodysplasia"	
<http://purl.obolibrary.org/obo/MONDO_0008973>	"chondrodysplasia punctata, Toriello type"	<http://purl.obolibrary.org/obo/MONDO_0022723>	"chondrodysplasia"	
<http://purl.obolibrary.org/obo/MONDO_0019692>	"multiple epiphyseal dysplasia and pseudoachondroplasia"	<http://purl.obolibrary.org/obo/MONDO_0016648>	"multiple epiphyseal dysplasia"	
<http://purl.obolibrary.org/obo/MONDO_0018233>	"otopalatodigital syndrome spectrum disorder"	<http://purl.obolibrary.org/obo/MONDO_0019027>	"otopalatodigital syndrome"	
<http://purl.obolibrary.org/obo/MONDO_0045024>	"cancer or benign tumor"	<http://purl.obolibrary.org/obo/MONDO_0004992>	"cancer"	
<http://purl.obolibrary.org/obo/MONDO_0004562>	"breast apocrine carcinoma in situ"	<http://purl.obolibrary.org/obo/MONDO_0003934>	"breast apocrine carcinoma"	
<http://purl.obolibrary.org/obo/MONDO_0006184>	"ductal breast carcinoma in situ and lobular carcinoma in situ"	<http://purl.obolibrary.org/obo/MONDO_0005023>	"ductal breast carcinoma in situ"	
<http://purl.obolibrary.org/obo/MONDO_0016284>	"primitive neuroectodermal tumor of the cervix uteri"	<http://purl.obolibrary.org/obo/MONDO_0005462>	"primitive neuroectodermal tumor"	
<http://purl.obolibrary.org/obo/MONDO_0017790>	"gastric adenocarcinoma and proximal polyposis of the stomach"	<http://purl.obolibrary.org/obo/MONDO_0005036>	"gastric adenocarcinoma"	
<http://purl.obolibrary.org/obo/MONDO_0007356>	"Lynch syndrome 1"	<http://purl.obolibrary.org/obo/MONDO_0005835>	"Lynch syndrome"	
<http://purl.obolibrary.org/obo/MONDO_0000954>	"Meckel diverticulum cancer"	<http://purl.obolibrary.org/obo/MONDO_0007955>	"Meckel diverticulum"	
<http://purl.obolibrary.org/obo/MONDO_0021082>	"Meckel diverticulum neoplasm"	<http://purl.obolibrary.org/obo/MONDO_0007955>	"Meckel diverticulum"	
<http://purl.obolibrary.org/obo/MONDO_0003031>	"endometrioid stromal and related neoplasms of the cervix"	<http://purl.obolibrary.org/obo/MONDO_0037742>	"endometrioid stromal and related neoplasms"	
<http://purl.obolibrary.org/obo/MONDO_0019971>	"melanoma of soft tissue"	<http://purl.obolibrary.org/obo/MONDO_0005105>	"melanoma"	
<http://purl.obolibrary.org/obo/MONDO_0012292>	"hepatitis C virus, susceptibility to"	<http://purl.obolibrary.org/obo/MONDO_0002251>	"hepatitis"	
<http://purl.obolibrary.org/obo/MONDO_0012582>	"interstitial lung disease due to ABCA3 deficiency"	<http://purl.obolibrary.org/obo/MONDO_0015925>	"interstitial lung disease"	
<http://purl.obolibrary.org/obo/MONDO_0017925>	"T-cell immunodeficiency with epidermodysplasia verruciformis"	<http://purl.obolibrary.org/obo/MONDO_0003780>	"T-cell immunodeficiency"	
<http://purl.obolibrary.org/obo/MONDO_0015535>	"xanthoma disseminatum"	<http://purl.obolibrary.org/obo/MONDO_0005236>	"xanthoma"	
<http://purl.obolibrary.org/obo/MONDO_0013779>	"Wiskott-Aldrich syndrome 2"	<http://purl.obolibrary.org/obo/MONDO_0010518>	"Wiskott-Aldrich syndrome"	
<http://purl.obolibrary.org/obo/MONDO_0023227>	"gestational diabetes insipidus"	<http://purl.obolibrary.org/obo/MONDO_0005406>	"gestational diabetes"	
<http://purl.obolibrary.org/obo/MONDO_0005413>	"cystic fibrosis associated meconium ileus"	<http://purl.obolibrary.org/obo/MONDO_0009061>	"cystic fibrosis"	
<http://purl.obolibrary.org/obo/MONDO_0016325>	"glycogen storage disease with hypertrophic cardiomyopathy"	<http://purl.obolibrary.org/obo/MONDO_0002412>	"glycogen storage disease"	
<http://purl.obolibrary.org/obo/MONDO_0004597>	"pulmonary embolism and infarction"	<http://purl.obolibrary.org/obo/MONDO_0005279>	"pulmonary embolism"	
<http://purl.obolibrary.org/obo/MONDO_0007762>	"hyperlipoproteinemia type V"	<http://purl.obolibrary.org/obo/MONDO_0037748>	"hyperlipoproteinemia"	
<http://purl.obolibrary.org/obo/MONDO_0007761>	"hyperlipoproteinemia type IV"	<http://purl.obolibrary.org/obo/MONDO_0037748>	"hyperlipoproteinemia"	
<http://purl.obolibrary.org/obo/MONDO_0018473>	"hyperlipoproteinemia type 3"	<http://purl.obolibrary.org/obo/MONDO_0037748>	"hyperlipoproteinemia"	
<http://purl.obolibrary.org/obo/MONDO_0100365>	"mucopolysaccharidosis or mucopolysaccharidosis-like disorder"	<http://purl.obolibrary.org/obo/MONDO_0019249>	"mucopolysaccharidosis"	
<http://purl.obolibrary.org/obo/MONDO_0001753>	"female infertility of uterine origin"	<http://purl.obolibrary.org/obo/MONDO_0021124>	"female infertility"	
<http://purl.obolibrary.org/obo/MONDO_0018389>	"male infertility due to gonadal dysgenesis or sperm disorder"	<http://purl.obolibrary.org/obo/MONDO_0020090>	"male infertility due to gonadal dysgenesis"	
<http://purl.obolibrary.org/obo/MONDO_0005639>	"AIDS related complex"	<http://purl.obolibrary.org/obo/MONDO_0012268>	"AIDS"	
<http://purl.obolibrary.org/obo/MONDO_0100336>	"infectious disease or post-infectious disorder"	<http://purl.obolibrary.org/obo/MONDO_0005550>	"infectious disease"	
<http://purl.obolibrary.org/obo/MONDO_0056821>	"bronchiolitis obliterans organizing pneumonia"	<http://purl.obolibrary.org/obo/MONDO_0002465>	"bronchiolitis"	
<http://purl.obolibrary.org/obo/MONDO_0020778>	"cone-rod dystrophy and hearing loss 1"	<http://purl.obolibrary.org/obo/MONDO_0015993>	"cone-rod dystrophy"	
<http://purl.obolibrary.org/obo/MONDO_0020780>	"cone-rod dystrophy and hearing loss 2"	<http://purl.obolibrary.org/obo/MONDO_0015993>	"cone-rod dystrophy"	
<http://purl.obolibrary.org/obo/MONDO_0008176>	"Paget disease of bone 3"	<http://purl.obolibrary.org/obo/MONDO_0021165>	"Paget disease"	
<http://purl.obolibrary.org/obo/MONDO_0011183>	"Paget disease of bone 2, early-onset"	<http://purl.obolibrary.org/obo/MONDO_0021165>	"Paget disease"	
<http://purl.obolibrary.org/obo/MONDO_0014792>	"Paget disease of bone 6"	<http://purl.obolibrary.org/obo/MONDO_0021165>	"Paget disease"	
<http://purl.obolibrary.org/obo/MONDO_0013561>	"chondrodysplasia with joint dislocations, gPAPP type"	<http://purl.obolibrary.org/obo/MONDO_0022723>	"chondrodysplasia"	
<http://purl.obolibrary.org/obo/MONDO_0008354>	"purpura simplex"	<http://purl.obolibrary.org/obo/MONDO_0002610>	"purpura"	
<http://purl.obolibrary.org/obo/MONDO_0008350>	"pulmonic stenosis and deafness"	<http://purl.obolibrary.org/obo/MONDO_0009938>	"pulmonic stenosis"	
<http://purl.obolibrary.org/obo/MONDO_0009976>	"retinal degeneration and epilepsy"	<http://purl.obolibrary.org/obo/MONDO_0004580>	"retinal degeneration"	
<http://purl.obolibrary.org/obo/MONDO_0009707>	"myopathy with giant abnormal mitochondria"	<http://purl.obolibrary.org/obo/MONDO_0005336>	"myopathy"	
<http://purl.obolibrary.org/obo/MONDO_0010885>	"angiokeratoma corporis diffusum with arteriovenous fistulas"	<http://purl.obolibrary.org/obo/MONDO_0003143>	"angiokeratoma"	
<http://purl.obolibrary.org/obo/MONDO_0008186>	"pancytopenia and occlusive vascular disease"	<http://purl.obolibrary.org/obo/MONDO_0001529>	"pancytopenia"	
<http://purl.obolibrary.org/obo/MONDO_0007512>	"ectodermal dysplasia syndrome with distinctive facial appearance and preaxial polydactyly of feet"	<http://purl.obolibrary.org/obo/MONDO_0019287>	"ectodermal dysplasia syndrome"	
<http://purl.obolibrary.org/obo/MONDO_0009037>	"craniosynostosis with anomalies of the cranial base and digits"	<http://purl.obolibrary.org/obo/MONDO_0015469>	"craniosynostosis"	
<http://purl.obolibrary.org/obo/MONDO_0012047>	"alopecia universalis congenita, 10Y gonadal dysgenesis, and laryngomalacia"	<http://purl.obolibrary.org/obo/MONDO_0004907>	"alopecia"	
<http://purl.obolibrary.org/obo/MONDO_0008216>	"pelvic lipomatosis with crossed renal ectopia"	<http://purl.obolibrary.org/obo/MONDO_0006593>	"pelvic lipomatosis"	
<http://purl.obolibrary.org/obo/MONDO_0030071>	"retinitis pigmentosa 89"	<http://purl.obolibrary.org/obo/MONDO_0002708>	"retinitis"	
<http://purl.obolibrary.org/obo/MONDO_0030071>	"retinitis pigmentosa 89"	<http://purl.obolibrary.org/obo/MONDO_0019200>	"retinitis pigmentosa"	
<http://purl.obolibrary.org/obo/MONDO_0009559>	"mandibulofacial dysostosis with mental deficiency"	<http://purl.obolibrary.org/obo/MONDO_0015483>	"mandibulofacial dysostosis"	
<http://purl.obolibrary.org/obo/MONDO_0010744>	"thrombocytopenia with elevated serum IgA and renal disease"	<http://purl.obolibrary.org/obo/MONDO_0002049>	"thrombocytopenia"	
<http://purl.obolibrary.org/obo/MONDO_0009343>	"Hirschsprung disease with ulnar polydactyly, polysyndactyly of big toes, and ventricular septal defect"	<http://purl.obolibrary.org/obo/MONDO_0018309>	"Hirschsprung disease"	
<http://purl.obolibrary.org/obo/MONDO_0033569>	"combined oxidative phosphorylation deficiency 49"	<http://purl.obolibrary.org/obo/MONDO_0000732>	"combined oxidative phosphorylation deficiency"	
<http://purl.obolibrary.org/obo/MONDO_0032688>	"polymicrogyria with or without vascular-type ehlers-danlos syndrome"	<http://purl.obolibrary.org/obo/MONDO_0000087>	"polymicrogyria"	
<http://purl.obolibrary.org/obo/MONDO_0009246>	"Friedreich ataxia and congenital glaucoma"	<http://purl.obolibrary.org/obo/MONDO_0100339>	"Friedreich ataxia"	
<http://purl.obolibrary.org/obo/MONDO_0014766>	"leukodystrophy and acquired microcephaly with or without dystonia;"	<http://purl.obolibrary.org/obo/MONDO_0019046>	"leukodystrophy"	
<http://purl.obolibrary.org/obo/MONDO_0009811>	"osteoma of middle ear"	<http://purl.obolibrary.org/obo/MONDO_0005166>	"osteoma"	
<http://purl.obolibrary.org/obo/MONDO_0008801>	"anosmia for isobutyric acid"	<http://purl.obolibrary.org/obo/MONDO_0010528>	"anosmia"	
<http://purl.obolibrary.org/obo/MONDO_0009632>	"microphthalmia with hyperopia, retinal degeneration, macrophakia, and dental anomalies"	<http://purl.obolibrary.org/obo/MONDO_0021129>	"microphthalmia"	
<http://purl.obolibrary.org/obo/MONDO_0007968>	"melanoma tumor antigen Gp90"	<http://purl.obolibrary.org/obo/MONDO_0005105>	"melanoma"	
<http://purl.obolibrary.org/obo/MONDO_0010034>	"anosmia for butyl mercaptan"	<http://purl.obolibrary.org/obo/MONDO_0010528>	"anosmia"	
<http://purl.obolibrary.org/obo/MONDO_0009982>	"retinitis pigmentosa inversa with deafness"	<http://purl.obolibrary.org/obo/MONDO_0002708>	"retinitis"	
<http://purl.obolibrary.org/obo/MONDO_0009982>	"retinitis pigmentosa inversa with deafness"	<http://purl.obolibrary.org/obo/MONDO_0019200>	"retinitis pigmentosa"	
<http://purl.obolibrary.org/obo/MONDO_0010623>	"ichthyosis and male hypogonadism"	<http://purl.obolibrary.org/obo/MONDO_0019269>	"ichthyosis"	
<http://purl.obolibrary.org/obo/MONDO_0014850>	"retinitis pigmentosa and erythrocytic microcytosis"	<http://purl.obolibrary.org/obo/MONDO_0002708>	"retinitis"	
<http://purl.obolibrary.org/obo/MONDO_0014850>	"retinitis pigmentosa and erythrocytic microcytosis"	<http://purl.obolibrary.org/obo/MONDO_0019200>	"retinitis pigmentosa"	
<http://purl.obolibrary.org/obo/MONDO_0009487>	"keratoconus and congenital hip dysplasia"	<http://purl.obolibrary.org/obo/MONDO_0015486>	"keratoconus"	
<http://purl.obolibrary.org/obo/MONDO_0014980>	"cone-rod dystrophy and hearing loss"	<http://purl.obolibrary.org/obo/MONDO_0015993>	"cone-rod dystrophy"	
<http://purl.obolibrary.org/obo/MONDO_0012390>	"arthrogryposis multiplex with deafness, inguinal hernias, and early death"	<http://purl.obolibrary.org/obo/MONDO_0008779>	"arthrogryposis"	
<http://purl.obolibrary.org/obo/MONDO_0008052>	"myopathy with storage of glycoproteins and Glycosaminoglycans"	<http://purl.obolibrary.org/obo/MONDO_0005336>	"myopathy"	
<http://purl.obolibrary.org/obo/MONDO_0033211>	"diencephalic-mesencephalic junction dysplasia syndrome"	<http://purl.obolibrary.org/obo/MONDO_0017868>	"diencephalic-mesencephalic junction dysplasia"	
<http://purl.obolibrary.org/obo/MONDO_0020762>	"diencephalic-mesencephalic junction dysplasia syndrome 2"	<http://purl.obolibrary.org/obo/MONDO_0017868>	"diencephalic-mesencephalic junction dysplasia"	
<http://purl.obolibrary.org/obo/MONDO_0009625>	"diencephalic-mesencephalic junction dysplasia syndrome 1"	<http://purl.obolibrary.org/obo/MONDO_0017868>	"diencephalic-mesencephalic junction dysplasia"	
<http://purl.obolibrary.org/obo/MONDO_0030074>	"spondylometaphyseal dysplasia with corneal dystrophy"	<http://purl.obolibrary.org/obo/MONDO_0016763>	"spondylometaphyseal dysplasia"	
<http://purl.obolibrary.org/obo/MONDO_0008336>	"pterygium colli, isolated"	<http://purl.obolibrary.org/obo/MONDO_0005085>	"pterygium"	
<http://purl.obolibrary.org/obo/MONDO_0011410>	"Hirschsprung disease with heart defects, laryngeal anomalies, and preaxial polydactyly"	<http://purl.obolibrary.org/obo/MONDO_0018309>	"Hirschsprung disease"	
<http://purl.obolibrary.org/obo/MONDO_0011646>	"laryngeal abductor paralysis with cerebellar ataxia and motor neuropathy"	<http://purl.obolibrary.org/obo/MONDO_0007876>	"laryngeal abductor paralysis"	
<http://purl.obolibrary.org/obo/MONDO_0010054>	"spinal muscular atrophy with intellectual disability"	<http://purl.obolibrary.org/obo/MONDO_0001516>	"spinal muscular atrophy"	
<http://purl.obolibrary.org/obo/MONDO_0007847>	"keloid formation"	<http://purl.obolibrary.org/obo/MONDO_0005348>	"keloid"	
<http://purl.obolibrary.org/obo/MONDO_0009782>	"ophthalmoplegia totalis with ptosis and miosis"	<http://purl.obolibrary.org/obo/MONDO_0003425>	"ophthalmoplegia"	
<http://purl.obolibrary.org/obo/MONDO_0011289>	"apraxia of eyelid opening"	<http://purl.obolibrary.org/obo/MONDO_0000665>	"apraxia"	
<http://purl.obolibrary.org/obo/MONDO_0007474>	"duodenal ulcer due to antral G-cell hyperfunction"	<http://purl.obolibrary.org/obo/MONDO_0005412>	"duodenal ulcer"	
<http://purl.obolibrary.org/obo/MONDO_0020840>	"pulmonary alveolar proteinosis with hypogammaglobulinemia"	<http://purl.obolibrary.org/obo/MONDO_0001437>	"pulmonary alveolar proteinosis"	
<http://purl.obolibrary.org/obo/MONDO_0009442>	"ichthyosis congenita with biliary atresia"	<http://purl.obolibrary.org/obo/MONDO_0019269>	"ichthyosis"	
<http://purl.obolibrary.org/obo/MONDO_0007557>	"epidermolysis bullosa with congenital localized absence of skin and deformity of nails"	<http://purl.obolibrary.org/obo/MONDO_0006541>	"epidermolysis bullosa"	
<http://purl.obolibrary.org/obo/MONDO_0010757>	"widow's peak syndrome"	<http://purl.obolibrary.org/obo/MONDO_0008677>	"widow's peak"	
<http://purl.obolibrary.org/obo/MONDO_0011863>	"prostate cancer aggressiveness quantitative trait locus on chromosome 19"	<http://purl.obolibrary.org/obo/MONDO_0008315>	"prostate cancer"	
<http://purl.obolibrary.org/obo/MONDO_0011349>	"osteoma of cranial vault, familial"	<http://purl.obolibrary.org/obo/MONDO_0005166>	"osteoma"	
<http://purl.obolibrary.org/obo/MONDO_0008968>	"cholestasis with gallstone, ataxia, and visual disturbance"	<http://purl.obolibrary.org/obo/MONDO_0001751>	"cholestasis"	
<http://purl.obolibrary.org/obo/MONDO_0014661>	"epidermolysis bullosa simplex with nail dystrophy"	<http://purl.obolibrary.org/obo/MONDO_0017610>	"epidermolysis bullosa simplex"	
<http://purl.obolibrary.org/obo/MONDO_0014661>	"epidermolysis bullosa simplex with nail dystrophy"	<http://purl.obolibrary.org/obo/MONDO_0006541>	"epidermolysis bullosa"	
<http://purl.obolibrary.org/obo/MONDO_0009422>	"hypohidrosis with abnormal palmar dermal Ridges"	<http://purl.obolibrary.org/obo/MONDO_0006560>	"hypohidrosis"	
<http://purl.obolibrary.org/obo/MONDO_0031178>	"monosomy 7 myelodysplasia and leukemia syndrome"	<http://purl.obolibrary.org/obo/MONDO_0020639>	"monosomy"	
<http://purl.obolibrary.org/obo/MONDO_0030801>	"monosomy 7 myelodysplasia and leukemia syndrome 2"	<http://purl.obolibrary.org/obo/MONDO_0020639>	"monosomy"	
<http://purl.obolibrary.org/obo/MONDO_0009913>	"prune belly syndrome with pulmonic stenosis, intellectual disability, and deafness"	<http://purl.obolibrary.org/obo/MONDO_0007032>	"prune belly syndrome"	
<http://purl.obolibrary.org/obo/MONDO_0011352>	"neuroendocrine carcinoma of salivary glands, sensorineural hearing loss, and enamel hypoplasia"	<http://purl.obolibrary.org/obo/MONDO_0002120>	"neuroendocrine carcinoma"	
<http://purl.obolibrary.org/obo/MONDO_0009574>	"megalencephaly with dysmyelination"	<http://purl.obolibrary.org/obo/MONDO_0016608>	"megalencephaly"	
<http://purl.obolibrary.org/obo/MONDO_0010636>	"Kallmann syndrome with spastic paraplegia"	<http://purl.obolibrary.org/obo/MONDO_0018800>	"Kallmann syndrome"	
<http://purl.obolibrary.org/obo/MONDO_0009980>	"retinal telangiectasia and hypogammaglobulinemia"	<http://purl.obolibrary.org/obo/MONDO_0004348>	"retinal telangiectasia"	
<http://purl.obolibrary.org/obo/MONDO_0009098>	"dextrocardia with unusual facies and microphthalmia"	<http://purl.obolibrary.org/obo/MONDO_0015661>	"dextrocardia"	
<http://purl.obolibrary.org/obo/MONDO_0011005>	"trisomy 18-like syndrome"	<http://purl.obolibrary.org/obo/MONDO_0700065>	"trisomy"	
<http://purl.obolibrary.org/obo/MONDO_0011867>	"microphthalmia with cyst, bilateral facial clefts, and limb anomalies"	<http://purl.obolibrary.org/obo/MONDO_0021129>	"microphthalmia"	
<http://purl.obolibrary.org/obo/MONDO_0007553>	"epidermolysis bullosa with deficiency of galactosylhydroxylysyl glucosyltransferase"	<http://purl.obolibrary.org/obo/MONDO_0006541>	"epidermolysis bullosa"	
<http://purl.obolibrary.org/obo/MONDO_0009184>	"epidermolysis bullosa with diaphragmatic hernia"	<http://purl.obolibrary.org/obo/MONDO_0006541>	"epidermolysis bullosa"	
<http://purl.obolibrary.org/obo/MONDO_0009939>	"pulmonic stenosis and congenital nephrosis"	<http://purl.obolibrary.org/obo/MONDO_0009938>	"pulmonic stenosis"	
<http://purl.obolibrary.org/obo/MONDO_0009418>	"hypogonadism with low-grade mental deficiency and microcephaly"	<http://purl.obolibrary.org/obo/MONDO_0002146>	"hypogonadism"	
<http://purl.obolibrary.org/obo/MONDO_0007849>	"keratitis fugax hereditaria"	<http://purl.obolibrary.org/obo/MONDO_0003085>	"keratitis"	
<http://purl.obolibrary.org/obo/MONDO_0009778>	"olivopontocerebellar atrophy II, autosomal recessive"	<http://purl.obolibrary.org/obo/MONDO_0002017>	"olivopontocerebellar atrophy"	
<http://purl.obolibrary.org/obo/MONDO_0012288>	"iridogoniodysgenesis and skeletal anomalies"	<http://purl.obolibrary.org/obo/MONDO_0011119>	"iridogoniodysgenesis"	
<http://purl.obolibrary.org/obo/MONDO_0012385>	"metaphyseal chondrodysplasia with cone-shaped epiphyses, normal hair, and normal hands"	<http://purl.obolibrary.org/obo/MONDO_0000138>	"metaphyseal chondrodysplasia"	
<http://purl.obolibrary.org/obo/MONDO_0012795>	"hypophosphatemic rickets and hyperparathyroidism"	<http://purl.obolibrary.org/obo/MONDO_0024300>	"hypophosphatemic rickets"	
<http://purl.obolibrary.org/obo/MONDO_0009881>	"pituitary dwarfism with large sella turcica"	<http://purl.obolibrary.org/obo/MONDO_0006909>	"pituitary dwarfism"	
<http://purl.obolibrary.org/obo/MONDO_0032890>	"neuromuscular disease and ocular or auditory anomalies with or without seizures"	<http://purl.obolibrary.org/obo/MONDO_0019056>	"neuromuscular disease"	
<http://purl.obolibrary.org/obo/MONDO_0009702>	"myopathy due to malate-aspartate shuttle defect"	<http://purl.obolibrary.org/obo/MONDO_0005336>	"myopathy"	
<http://purl.obolibrary.org/obo/MONDO_0033570>	"combined oxidative phosphorylation deficiency 50"	<http://purl.obolibrary.org/obo/MONDO_0000732>	"combined oxidative phosphorylation deficiency"	
<http://purl.obolibrary.org/obo/MONDO_0007625>	"focal epithelial hyperplasia of the oral mucosa"	<http://purl.obolibrary.org/obo/MONDO_0009237>	"focal epithelial hyperplasia"	
<http://purl.obolibrary.org/obo/MONDO_0008916>	"cardiomyopathy associated with myopathy and sudden death"	<http://purl.obolibrary.org/obo/MONDO_0004994>	"cardiomyopathy"	
<http://purl.obolibrary.org/obo/MONDO_0100111>	"focal segmental glomerulosclerosis and neurodevelopmental syndrome"	<http://purl.obolibrary.org/obo/MONDO_0005363>	"focal segmental glomerulosclerosis"	
<http://purl.obolibrary.org/obo/MONDO_0009170>	"endocardial fibroelastosis and coarctation of abdominal aorta"	<http://purl.obolibrary.org/obo/MONDO_0009169>	"endocardial fibroelastosis"	
<http://purl.obolibrary.org/obo/MONDO_0008776>	"amyloidosis of gingiva and conjunctiva, with intellectual disability"	<http://purl.obolibrary.org/obo/MONDO_0019065>	"amyloidosis"	
<http://purl.obolibrary.org/obo/MONDO_0012001>	"mandibulofacial dysostosis with ptosis, autosomal dominant"	<http://purl.obolibrary.org/obo/MONDO_0015483>	"mandibulofacial dysostosis"	
<http://purl.obolibrary.org/obo/MONDO_0008160>	"osteosclerosis with ichthyosis and fractures"	<http://purl.obolibrary.org/obo/MONDO_0002933>	"osteosclerosis"	
<http://purl.obolibrary.org/obo/MONDO_0011574>	"tetralogy of fallot syndrome, autosomal recessive"	<http://purl.obolibrary.org/obo/MONDO_0008542>	"tetralogy of fallot"	
<http://purl.obolibrary.org/obo/MONDO_0009488>	"keratoconus posticus circumscriptus"	<http://purl.obolibrary.org/obo/MONDO_0015486>	"keratoconus"	
<http://purl.obolibrary.org/obo/MONDO_0008543>	"tetralogy of fallot and glaucoma"	<http://purl.obolibrary.org/obo/MONDO_0008542>	"tetralogy of fallot"	
<http://purl.obolibrary.org/obo/MONDO_0010042>	"spastic diplegia and intellectual disability"	<http://purl.obolibrary.org/obo/MONDO_0001167>	"spastic diplegia"	
<http://purl.obolibrary.org/obo/MONDO_0012488>	"hepatitis B virus, susceptibility to"	<http://purl.obolibrary.org/obo/MONDO_0002251>	"hepatitis"	
<http://purl.obolibrary.org/obo/MONDO_0011492>	"mandibulofacial dysostosis syndrome, Bauru type"	<http://purl.obolibrary.org/obo/MONDO_0015483>	"mandibulofacial dysostosis"	
<http://purl.obolibrary.org/obo/MONDO_0008936>	"cerebellar ataxia and neurosensory deafness"	<http://purl.obolibrary.org/obo/MONDO_0000437>	"cerebellar ataxia"	
<http://purl.obolibrary.org/obo/MONDO_0010055>	"spinal muscular atrophy with microcephaly and mental subnormality"	<http://purl.obolibrary.org/obo/MONDO_0001516>	"spinal muscular atrophy"	
<http://purl.obolibrary.org/obo/MONDO_0030880>	"mandibuloacral dysplasia progeroid syndrome"	<http://purl.obolibrary.org/obo/MONDO_0016584>	"mandibuloacral dysplasia"	
<http://purl.obolibrary.org/obo/MONDO_0014556>	"congenital contractures of the limbs and face, hypotonia, and developmental delay"	<http://purl.obolibrary.org/obo/MONDO_0022823>	"congenital contractures"	
<http://purl.obolibrary.org/obo/MONDO_0012178>	"intellectual disability with optic atrophy, facial dysmorphism, microcephaly, and short stature"	<http://purl.obolibrary.org/obo/MONDO_0001071>	"intellectual disability"	
<http://purl.obolibrary.org/obo/MONDO_0008344>	"pulmonary edema of mountaineers, susceptibility to"	<http://purl.obolibrary.org/obo/MONDO_0006932>	"pulmonary edema"	
